Date,price_change,high_low_ratio,open_close_ratio,sma_20,sma_50,sma_200,rsi_14,monthly_momentum,monthly_volatility,volume_trend,macd,macd_signal,price_momentum,stoch_%K,stoch_%D,williams_%R,obv,mfi_14
2024-05-09 00:00:00-04:00,0.0018640987283840005,1.0089281366945333,1.0006019514449214,172.5520004272461,172.39919982910158,181.03230018615722,80.11697938818295,1.0848323467130285,0.019880824914391127,1.0605045661734696,2.3717046793591976,0.5296347589692387,1.066693686796134,89.06885675748954,83.47088518128106,-10.931143242510458,-540088400.0,74.17376554699085
2024-05-10 00:00:00-04:00,0.01001423758369735,1.0140025426566983,0.9891097703534563,173.02850112915038,172.46220001220703,180.98705024719237,75.94212792266549,1.0878175830498746,0.01991181971875203,1.0705406526887589,2.8630592866120423,0.9963196644977995,0.9982004481281066,82.1105225512859,84.19767145201992,-17.889477448714093,-590847900.0,68.75962323279118
2024-05-13 00:00:00-04:00,-0.008235380680192916,1.0162520802488457,1.0101064780873206,173.3535011291504,172.5082000732422,180.92980026245118,77.41936458837966,1.0910120657024653,0.01981594470691483,1.069429806762934,3.0941423824064884,1.4158842080795373,1.0251499196333524,96.07464170331625,89.08467367069723,-3.9253582966837515,-518803100.0,69.7038729935331
2024-05-14 00:00:00-04:00,0.017645428427694565,1.0134330573714616,0.9954906788522914,174.03300094604492,172.64059997558593,180.89510025024413,76.78207621762944,1.0642139278124305,0.018084446546130607,1.0510472993732058,3.4975929464357023,1.8322259557507703,1.027576748616294,95.68233260207293,91.28916561889169,-4.317667397927077,-466409500.0,70.00253399287791
2024-05-15 00:00:00-04:00,0.006173469529849429,1.010789681883437,1.0004268358009973,174.93550033569335,172.88719970703124,180.85310020446778,77.70327682450002,1.0616255419765348,0.0180555519346425,1.0129774851895927,3.8655654745158756,2.2388938595037913,1.0381963200050368,95.68248391061492,95.81315273866805,-4.317516089385079,-396009500.0,70.80651364824645
2024-05-16 00:00:00-04:00,0.012217940748059153,1.0175054644007726,0.9904596376399547,176.02150039672853,173.27919982910157,180.81945022583008,79.07700722027744,1.0986160086776022,0.017277260457272587,1.004699183038879,4.292489730088306,2.6496130336206942,1.0285527919192987,94.27007980504283,95.21163210591023,-5.7299201949571765,-343164300.0,71.20152069681315
2024-05-17 00:00:00-04:00,0.000632485327932919,1.0075925467341638,1.0033186098554867,177.1615005493164,173.69359985351562,180.79060020446778,76.27608077803674,1.1207934281808152,0.016487497726278808,0.9872938399451403,4.587629541236993,3.037216335143954,1.0372575359285916,94.40649986781271,94.7863545278235,-5.593500132187294,-301881400.0,66.07584349550854
2024-05-20 00:00:00-04:00,0.00015802138577525326,1.0086161589275777,0.9981039626080499,178.40500030517578,174.11099975585938,180.77705017089843,85.52314887032591,1.1301785423642112,0.016257839642548243,0.9840231005433181,4.768976820933801,3.3835684323019235,1.0255529017502063,96.14202114422868,94.93953360569475,-3.857978855771315,-257520100.0,72.067518032435
2024-05-21 00:00:00-04:00,0.006162101432736655,1.0153960306157468,0.9910490393887474,179.66500015258788,174.51719970703124,180.77640014648438,89.16071498010344,1.1436781666944213,0.016056664410013126,0.9873061671051427,4.950043885255724,3.696863522892684,1.0262498725924034,98.2601204773822,96.26954716314121,-1.739879522617805,-215210700.0,76.9740576277452
2024-05-22 00:00:00-04:00,0.006857270013722827,1.0094803979465372,0.9934493905607317,180.93750076293946,174.90919982910157,180.82820014953614,82.90972200365985,1.1657576127485796,0.015518729478310506,0.9742429781572928,5.139997224688074,3.985490263251762,1.0062196535325159,84.5160321763324,92.97272459931445,-15.483967823667594,-249859200.0,71.5386767364474
2024-05-23 00:00:00-04:00,-0.0075384047882530725,1.0134020234114585,1.0071765867982136,182.03150024414063,175.26259979248047,180.88845008850097,58.40537648593583,1.151109491750924,0.01582741830660424,0.9680846047341263,5.114575118985613,4.211307234398532,0.9844079671714188,52.096789873093726,78.29098084226945,-47.903210126906274,-300865100.0,60.68902541607878
2024-05-24 00:00:00-04:00,-0.021058088749084547,1.0234152869466595,1.0219391627654202,182.88100051879883,175.57759979248047,180.92385009765624,68.58424497454354,1.1197124728399945,0.01688575747321207,0.9697587789432596,4.715688899810971,4.3121835674810205,1.000579346990996,75.30424698539402,70.63902301160671,-24.695753014605977,-264538100.0,69.1391040361373
2024-05-28 00:00:00-04:00,0.016588135507972,1.0135078102297996,0.9938941550194373,183.91500015258788,175.91719970703124,180.98280006408692,67.5938888507675,1.1240089393282142,0.016987044519266928,0.9623415907748554,4.5967238600395035,4.369091625992717,0.9945038325488417,73.93944838501282,67.11349508116687,-26.060551614987165,-212258000.0,68.15451443766943
2024-05-29 00:00:00-04:00,5.268852431883353e-05,1.020623975518803,1.0080003630176566,184.7395004272461,176.2645999145508,181.04290008544922,67.53364658856547,1.1183118851946994,0.017026232693493244,0.9635849863183229,4.451931814053637,4.385659663604901,0.9892902898257555,75.11472115927572,74.78613884322753,-24.885278840724297,-159190000.0,67.17746867415653
2024-05-30 00:00:00-04:00,0.0015789661787211084,1.0144583693345273,0.9964265452741975,185.7375,176.59599975585937,181.10540008544922,66.23185254257902,1.1239810387242464,0.01693708521889472,0.9676673548307543,4.311687134840639,4.370865157852049,1.0020429512944873,84.26856042314733,77.77424332247864,-15.731439576852674,-109300900.0,67.31189832779009
2024-05-31 00:00:00-04:00,0.005255137081729533,1.008130870027106,0.9972293439390523,186.83699951171874,176.90019958496094,181.16455001831054,72.84011228165878,1.1025359843581142,0.016377276155099037,0.9524612027978826,4.232444863739602,4.343181099029559,1.0287349902444345,91.05012454660665,83.4778020430099,-8.94987545339335,-34142600.0,75.25465187090965
2024-06-03 00:00:00-04:00,0.005018593484036549,1.0140066537350085,0.9957867487199284,187.7979995727539,177.17179962158204,181.23855003356934,70.7330095977689,1.128691351689687,0.015562862293420842,0.9543228914384834,4.198709200879819,4.314286719399611,1.021318050020204,88.9654555531391,88.09471350763106,-11.034544446860902,15937900.0,74.57515860189119
2024-06-04 00:00:00-04:00,0.009258771283728873,1.0128298419171418,0.9941761331241472,188.33049926757812,177.62499969482423,181.32584999084472,69.37292071417221,1.1460720335603225,0.015356705215728279,0.9538510515814572,4.266423784953076,4.304714132510305,1.0229485787898902,88.83773362270591,89.61777124081725,-11.162266377294086,63409300.0,74.46217827892379
2024-06-05 00:00:00-04:00,0.0016492672588364066,1.011863485258269,1.0014921187395196,188.96249923706054,178.0663998413086,181.4276000213623,67.99296434853261,1.1232156705463128,0.01497415538465078,0.940446847930199,4.296383955844391,4.303048097177122,1.0293236745384935,89.97078986232903,89.25799301272468,-10.029210137670974,117566100.0,73.933590453586
2024-06-06 00:00:00-04:00,0.007820884826019947,1.0104171952078929,0.9976004429855531,189.6359992980957,178.56679962158202,181.53449996948243,62.63616349509367,1.0681098805857085,0.008811744235863873,0.864981565004853,4.392148062775334,4.320868090296765,1.0166762640669584,76.43621462765246,85.08157937089581,-23.56378537234754,76384300.0,67.30608060749091
2024-06-07 00:00:00-04:00,-0.007096540686677422,1.0119998035382756,1.0062217541158442,190.22299880981444,179.06219940185548,181.62769996643067,66.92382452544369,1.0702767516473672,0.008689399712079859,0.8459170305488335,4.306240814100164,4.317942635057445,1.024135237397391,99.51500423279796,88.64066957425983,-0.48499576720203175,129488200.0,73.89713919439123
2024-06-10 00:00:00-04:00,0.012392038847459208,1.0144225974068233,0.9886230610995581,190.83899841308593,179.53379943847656,181.7259999847412,54.455871460129416,1.0794408222479845,0.008911297302185808,0.8366805381199901,4.382111592531061,4.330776426552169,0.9953099847042494,60.82466118189137,78.92529334744728,-39.17533881810862,32478000.0,62.54569656534378
2024-06-11 00:00:00-04:00,-0.019147769232301326,1.0268020261194901,1.019573316460593,191.3424980163574,179.96659942626954,181.7859999847412,70.52133776343206,1.056801955302621,0.010138559312197221,0.8693731476724673,4.090874845194691,4.282796110280674,1.0658604959659799,99.95124322347698,86.76363621272212,-0.048756776523017506,204851300.0,68.49061167555169
2024-06-12 00:00:00-04:00,0.07264912559045644,1.069875527749356,0.9348298315338299,192.3859977722168,180.7089993286133,181.93984992980958,77.35012841779191,1.122338330585864,0.018043258367018877,0.937649003712409,4.935280395137454,4.41329296725203,1.0878134100975527,78.76082422025388,79.84557620854075,-21.239175779746123,402985600.0,77.22350324157595
2024-06-13 00:00:00-04:00,0.02857839054869915,1.0642822786085342,0.9732481719101937,193.66799850463866,181.59359954833985,182.1121499633789,86.30572564881224,1.1639989280086094,0.018420576950647683,1.0145653929366236,6.012860951903775,4.733206564182379,1.1016043305210075,81.467690371876,86.72658593853562,-18.532309628123993,500848300.0,82.86763599852054
2024-06-14 00:00:00-04:00,0.005491144359726752,1.0243383447444938,1.0023338311574863,194.8939987182617,182.48539978027344,182.2823999786377,80.97990528047094,1.150096665756338,0.01827038878661107,1.023676804046084,6.881929774973344,5.162951206340573,1.0792320897550665,75.20902339305525,78.47917932839505,-24.790976606944763,430725600.0,76.81469117803431
2024-06-17 00:00:00-04:00,-0.008168409051202308,1.0183151682976528,1.0064003038975653,196.0264991760254,183.35879974365236,182.42425003051758,82.9382625626929,1.1337033228226816,0.018537683207227987,1.033570331337477,7.344796465338476,5.599320258140153,1.1219449236080778,88.4978869387958,81.72486690124236,-11.502113061204195,524453900.0,77.83282111608327
2024-06-18 00:00:00-04:00,0.019671478976528656,1.0292873058094583,0.9847694508716215,197.3664993286133,184.30059967041015,182.5693500518799,78.18223387435478,1.1420514272340268,0.018726191772563478,1.0398576518834095,7.957186624724017,6.070893531456926,1.0344677750423512,80.48859368742396,81.39850133975834,-19.511406312576035,444510600.0,75.54523659143908
2024-06-20 00:00:00-04:00,-0.010984469021671939,1.0264319478066315,1.0153997067298959,198.52899932861328,185.21739959716797,182.70145004272462,69.90689796766486,1.1287926539185364,0.019052156413227637,1.0568312643349902,8.156441359571176,6.488003097079776,0.9840896675650878,65.26904389484581,78.0851748403552,-34.730956105154185,358338100.0,69.11809287058283
2024-06-21 00:00:00-04:00,-0.021512906597537684,1.0258079924928367,1.0202689820128503,199.39549865722657,186.0175994873047,182.80254997253417,66.06917553947159,1.104334534513297,0.019893457795045314,1.0966792751403316,7.851852391163845,6.7607729558965906,0.9684932793739338,54.688092433980586,66.81524333875014,-45.311907566019414,116533000.0,55.362916182659795
2024-06-24 00:00:00-04:00,-0.010444426073609514,1.0230795169968145,1.0139765473984719,200.22499923706056,186.81179962158203,182.8915000152588,65.2408756284898,1.086107688364462,0.02014896991695556,1.1880192977037536,7.349034682054366,6.878425301128146,0.9795284202030125,57.00536097503923,58.987499101288556,-42.99463902496076,197260000.0,56.45518802509039
2024-06-25 00:00:00-04:00,0.00313265159417897,1.0295754911595927,0.9979821362055495,201.28799896240236,187.47379974365234,183.0176499938965,65.69296709632039,1.0820899027039033,0.020139028331496615,1.206833442143026,6.92319086437368,6.887378413777254,0.964923658517777,60.3208969229472,57.33811677732235,-39.679103077052794,252809700.0,56.81270282236628
2024-06-26 00:00:00-04:00,0.004468184574312861,1.0132783867712787,1.0003825827209236,202.24249954223632,188.12419982910157,183.1752000427246,67.53430764626702,1.095180796273818,0.0199797227066933,1.2201468305703533,6.584844449483882,6.826871620918579,0.9951467949100911,75.22282997467748,64.18302929088797,-24.777170025322516,319022900.0,57.316483049112996
2024-06-27 00:00:00-04:00,0.01999326794540668,1.020034187395229,0.9917936694021102,203.40549926757814,188.93539978027343,183.3505500793457,70.01224874127452,1.1411065626508488,0.019404722783170396,1.2412295358292977,6.578163968603008,6.777130090455465,1.0210798053325423,78.25315443470409,71.26562711077626,-21.746845565295914,368795600.0,60.34906502378794
2024-06-28 00:00:00-04:00,0.003985960626099017,1.0159642066974837,1.002755704442182,204.59599990844725,189.8297998046875,183.52425010681154,63.7053229674728,1.12696079018008,0.019268775459920947,1.2562404118331907,6.565771895635379,6.734858451491448,1.0150850139339678,65.84669950524538,73.10756130487566,-34.153300494754625,286252900.0,55.58897619453615
2024-07-01 00:00:00-04:00,-0.016254137725925877,1.0274370146872553,1.0244516630646012,205.5625,190.68219970703126,183.69585006713868,72.52621485533683,1.1085846045978756,0.019799469547649287,1.268571856383777,6.203631684649082,6.628613098122974,1.0413663910617834,87.0154385453092,77.03843082841956,-12.984561454690802,346655800.0,60.95083832865846
2024-07-02 00:00:00-04:00,0.029104572333703782,1.0263778613919872,0.9785005598057238,206.7875,191.67639984130858,183.90855003356933,65.64139823421613,1.139050962464853,0.020440337061283446,1.2726237322029694,6.33821017428798,6.570532513355976,1.0535705579752221,99.20231659035433,84.02148488030298,-0.7976834096456732,404702000.0,57.85792968814711
2024-07-03 00:00:00-04:00,0.016239927439266166,1.0245467160831037,0.9812956358284701,208.0995002746582,192.7817999267578,184.1312000274658,61.36728556800941,1.1514977887158981,0.02055180979142886,1.2787122959684547,6.652216904870244,6.58686939165883,1.0389214680035537,100.0,95.40591837855452,-0.0,442071800.0,52.04668579864719
2024-07-05 00:00:00-04:00,0.0058110444203451905,1.0115052928206432,0.9930038229275234,209.45950012207032,193.89600006103515,184.36390007019043,64.78493571134786,1.1524057375904178,0.02054954657113746,1.2613947803558474,6.92453299799098,6.65440211292526,1.0571694996984589,99.44611980377167,99.549478798042,-0.5538801962283286,502484200.0,50.568437824186276
2024-07-08 00:00:00-04:00,0.021620371113304726,1.0216557779559403,0.9792789497336353,210.98300018310547,195.0848001098633,184.60575004577638,68.85608656630026,1.1665206296029789,0.02079141501644169,1.2643293628058687,7.441081728179199,6.811738035976049,1.081663719522267,99.85889574074712,99.76833851483961,-0.1411042592528795,561570100.0,56.52272543731064
2024-07-09 00:00:00-04:00,0.006538884025246272,1.0206047305868562,0.9967956677953697,212.65000076293944,196.26080017089845,184.84950004577638,66.08624955496904,1.1722150767665847,0.020755050849974713,1.2693531161718068,7.8790500503471605,7.025200438850272,1.055040335297722,96.84348400803813,98.71616651751897,-3.156515991961875,609646200.0,54.75607525007429
2024-07-10 00:00:00-04:00,0.00377484559702701,1.0133851607750766,0.9967203077487267,214.2395004272461,197.4366000366211,185.11544998168947,73.80892030752389,1.1675090538444328,0.02076952437501274,1.2651729934465499,8.201000699882002,7.260360491056618,1.0577018713785316,99.62247609370472,98.77495194749666,-0.3775239062952716,672273900.0,61.83642593354171
2024-07-11 00:00:00-04:00,0.018803582252402418,1.0167066601136518,0.9842046839073477,216.23250045776368,198.71019989013672,185.41069999694824,72.33460686794305,1.1979638052539727,0.020650375558210397,1.2769886216834478,8.702802723559245,7.548848937557144,1.0271722148026987,79.19972304929182,91.8885610503449,-20.800276950708188,607563300.0,62.77710392384654
2024-07-12 00:00:00-04:00,-0.023220827978926883,1.0293218540634763,1.0167860084478855,217.25350112915038,199.7916000366211,185.67460006713867,78.22678835832119,1.155823089185216,0.021695450286531717,1.2783078585621308,8.565209194595695,7.752120988964855,1.0185561412750588,90.4114457598835,89.74454830096003,-9.588554240116494,660609800.0,82.45687628626193
2024-07-15 00:00:00-04:00,0.013050867277438316,1.0173168044459473,0.9929730408416519,218.1270004272461,200.99579986572266,185.94690002441405,79.8138039397756,1.1937655298004664,0.02093260447146277,1.244769152036671,8.596720730542245,7.921040937280333,1.0288823911892049,90.11180183830587,86.5743235491604,-9.888198161694142,723241100.0,82.24766573282724
2024-07-16 00:00:00-04:00,0.01674330147811176,1.0177613773850982,1.0088737281792475,219.1349998474121,202.29779968261718,186.25909996032715,79.57730383884923,1.131547191903936,0.015412871542506808,1.166838088138186,8.831361203103057,8.103104990444878,1.0268498112869135,91.05091326115485,90.52472028644809,-8.949086738845159,766475400.0,76.48401929386972
2024-07-17 00:00:00-04:00,0.0017918662059346335,1.0169586467970302,1.0007665133726562,220.25149993896486,203.53359985351562,186.58105003356934,67.25546691750957,1.1020791254158264,0.014557634180969491,1.0661824807812506,8.948059382636274,8.272095868883158,0.9824019618855117,68.99371290124449,83.38547600023507,-31.006287098755497,709129500.0,69.04459161478036
2024-07-18 00:00:00-04:00,-0.025295980990260425,1.021267240280618,1.0024903532561593,220.86200027465821,204.44359985351562,186.87200004577636,60.25639353628697,1.0683345734422862,0.015880409240653502,1.047195116943803,8.463671047327665,8.310410904572059,0.9851034207525962,51.54100779427997,70.52854465222644,-48.45899220572004,643094900.0,61.65381886355447
2024-07-19 00:00:00-04:00,-0.020534830945314275,1.0367570882795794,1.0272103055705677,221.35650024414062,205.2929995727539,187.13684997558593,64.94867862710245,1.0550142918745102,0.016505904570233636,1.0527971109343692,7.612782678136597,8.170885259284967,0.9729765077254654,48.95298532117614,56.495902005566876,-51.047014678823864,692246400.0,63.90569876032485
2024-07-22 00:00:00-04:00,0.0005799129586043783,1.0157649780173115,1.002273682721127,222.08800048828124,206.1311996459961,187.3896499633789,59.010257065438125,1.0352609934657002,0.016059674869501103,1.02850201780347,6.869747648091305,7.910657737046235,0.9554608043751585,40.036171552170536,46.843388222542224,-59.96382844782947,644044600.0,63.459036904770784
2024-07-23 00:00:00-04:00,-0.0015602998017738567,1.0210229168425051,1.0136184483904995,222.9115005493164,206.95559967041015,187.64745002746582,56.31325653803319,1.045125828226717,0.015829267944063675,1.0129024116268615,6.181390475799333,7.564804284796855,0.9582232667089648,32.85712489153263,40.615427254959776,-67.14287510846736,684004900.0,57.42947091470565
2024-07-24 00:00:00-04:00,0.004688282557118395,1.0191306354667773,0.9971556846128051,223.75500030517577,207.7643994140625,187.90419998168946,46.47787135331558,1.0731114191460258,0.014925750413522294,0.9839881868227273,5.655395814267507,7.1829225906909855,0.9548234385875087,7.014870873387673,26.636055772363623,-92.98512912661234,622227300.0,51.02639547366196
2024-07-25 00:00:00-04:00,-0.02875428371474653,1.035324450773558,1.0249840161142425,224.22849960327147,208.47419921875,188.12234992980956,38.650940594001284,1.0532555183402932,0.016186946320339707,0.8579336779142469,4.662717327860491,6.6788815381248865,0.9701579650228086,12.693544000448112,17.521846588456146,-87.30645599955189,570836100.0,43.94090308468494
2024-07-26 00:00:00-04:00,-0.004804556718339459,1.0290281014260876,1.006620934968262,224.44049987792968,209.09839935302733,188.32234992980958,37.01947124511109,1.044921716781655,0.01626015177413288,0.8412503133371637,3.7480816834749646,6.092721567194903,0.9716910039060215,14.772275570618632,11.493563481484815,-85.22772442938137,612437400.0,42.52062492486178
2024-07-29 00:00:00-04:00,0.002161024455525684,1.0161104165308332,1.0033950734610981,224.63349990844728,209.70899963378906,188.51719993591308,36.04278991205791,1.042521639059696,0.016251763662327272,0.8329985523939053,3.026266598582424,5.479430573472407,0.9744597202659891,16.010660231115644,14.492159934060806,-83.98933976888435,648749200.0,36.733925333517575
2024-07-30 00:00:00-04:00,0.0012846337432190769,1.016454243577093,0.9941349031017278,225.0145004272461,210.27939971923828,188.71644996643067,28.936417128299055,1.0233997912926802,0.015748239133447188,0.8150892479526866,2.4485906756775933,4.873262593913444,0.972401263914126,18.487429552109674,16.42345511794799,-81.51257044789033,690393000.0,34.61264926758324
2024-07-31 00:00:00-04:00,0.0025659711533103646,1.0194799500693326,1.001782446911375,225.11700057983398,210.8585998535156,188.91144996643067,41.29399244754879,1.0219523438311804,0.015739058221431262,0.8107581629640004,2.01276358194508,4.301162791519771,1.0161984472118426,32.99427913527682,22.49745630616739,-67.00572086472319,740429300.0,42.45558085690834
2024-08-01 00:00:00-04:00,0.014990853444005525,1.0144586065848142,0.9971181583916984,225.20750045776367,211.50279998779297,189.1182999420166,31.133839627662837,1.0544108203377884,0.01550592922472332,0.788623008317919,1.9100184551571715,3.8229339242472515,1.0040001613647247,16.54137723221366,22.67436197320006,-83.45862276778634,677928300.0,34.38138637054037
2024-08-02 00:00:00-04:00,-0.016750725819666967,1.0343746719574862,1.0275233306926042,225.04800033569336,212.04920013427736,189.31584991455077,25.701881390447042,1.0074279151573313,0.014830365423317601,0.7868894613566547,1.5110013108873943,3.36054740157528,1.008717167544313,24.20324839395146,24.579634920480657,-75.79675160604855,783496900.0,37.747893985854574
2024-08-05 00:00:00-04:00,0.006869389978967133,1.036240866962161,0.996770641717929,224.7240005493164,212.59940002441405,189.52154991149902,18.134179208833885,0.9981386314334374,0.014485592180961042,0.8123620363224913,1.300819772417924,2.948601875743809,0.9588984558516972,37.42245279178556,26.05569280598357,-62.57754720821445,663948300.0,34.746475404437234
2024-08-06 00:00:00-04:00,-0.0481669985831521,1.0892857142857142,0.9513546723049885,223.7965003967285,212.9668002319336,189.68214996337892,20.088398973414954,0.9445723375755131,0.01767708716436151,0.8575176298780735,0.27653743889098337,2.414188988373244,0.9471206253983377,32.60741850017279,31.411039895303276,-67.3925814998272,594287800.0,34.5149561120799
2024-08-07 00:00:00-04:00,-0.009748212850733573,1.0443626490477125,0.9906867117908994,222.7240005493164,213.37380004882812,189.83909996032716,28.931938072932383,0.9155694931539042,0.016891822558236028,0.8600015576617955,-0.6918501127526611,1.792981168148063,0.944794693778134,43.486494194649914,37.8387884955361,-56.513505805350086,657804200.0,42.12696432333066
2024-08-08 00:00:00-04:00,0.01249824663455068,1.0351276710181705,0.9860832459927318,221.56600112915038,213.77060028076173,190.0108999633789,35.30981804369462,0.9209902580049365,0.01711291344696809,0.8688540063125141,-1.2360633653321997,1.1871722614520106,0.9768730397616677,54.46821341563541,43.520708703486044,-45.53178658436459,704965300.0,47.88967259407204
2024-08-09 00:00:00-04:00,0.016633257613904107,1.025714672557116,0.9990624117456696,220.85300064086914,214.2370001220703,190.2130499267578,40.354818415784955,0.9327881948160684,0.017589464909408832,0.891313621939872,-1.3699512986039508,0.6757475494408184,0.9835349990578638,65.41694859751323,54.457218735932855,-34.58305140248678,747166900.0,47.37587875509917
2024-08-12 00:00:00-04:00,0.013735914716165532,1.0226918787134676,0.9808546093022583,220.13800125122071,214.75600036621094,190.42924995422362,40.71038655225226,0.9281483795117252,0.017321362037237453,0.8846498668353355,-1.2255044450419348,0.29549715054426773,1.039470513395134,72.73646736424062,64.2072097924631,-27.26353263575938,785195000.0,52.19307807496893
2024-08-13 00:00:00-04:00,0.005965562584919537,1.018135381691237,0.9932883213199508,219.29450149536132,215.2808004760742,190.64969993591308,53.63710508276663,0.9558816705989824,0.016828705967572473,0.8740953597597791,-0.9954625234601053,0.0373052157433931,1.067750850911474,85.37161845199617,74.50834480458336,-14.62838154800383,829350300.0,58.91589254520239
2024-08-14 00:00:00-04:00,0.017193056195245138,1.0131501070957865,0.9897861900755326,218.61700134277345,215.86120056152345,190.9005499267578,55.72704416288434,0.9597901046081557,0.01702609398510183,0.8680630974025446,-0.5055379302630456,-0.07126341345789464,1.0567152486945453,86.89187809879651,81.66665463834444,-13.108121901203484,871310900.0,64.93203438227388
2024-08-15 00:00:00-04:00,0.002033700635211577,1.0151570408616764,0.9948133055648883,218.25900115966797,216.41500061035157,191.17469993591308,58.56562766936924,0.9459044666981477,0.016548496241845262,0.855011147777985,-0.08003556734135486,-0.07301784423458668,1.053490243273643,97.02701114406871,89.7635025649538,-2.972988855931286,917724900.0,65.20315741061286
2024-08-16 00:00:00-04:00,0.01353057903429189,1.0116269153373507,0.9994660238673208,218.28600158691407,217.0224005126953,191.45719993591308,59.639589824563515,0.9569883068372005,0.016875831952312178,0.8581081633647771,0.49356355512395567,0.040298435637121786,1.0453662472687268,97.47000086613296,93.79629670299941,-2.5299991338670362,962065100.0,70.09719570502502
2024-08-19 00:00:00-04:00,0.0059184844421056315,1.014218681070218,0.990577284432397,218.37300186157228,217.62600067138672,191.7359999847412,58.83818690202195,0.9876354344168087,0.016106108276572866,0.8545231963333121,1.0434369331564994,0.24092613514099734,1.038431483736795,96.95101399423403,97.14934200147859,-3.0489860057659706,921377300.0,64.92086858029438
2024-08-20 00:00:00-04:00,-0.0007078241979617816,1.0132263822445813,0.9992474294151815,218.46950149536133,218.25420074462892,192.01159996032715,55.9145410304426,1.0076278292877825,0.015470287806055496,0.8389496731347637,1.4495945647486792,0.48265982106253374,1.0236814305292041,97.88256753005864,97.43452746347522,-2.1174324699413587,951676300.0,64.05370607212943
2024-08-21 00:00:00-04:00,0.0027446771387078517,1.007629191590089,0.9967330791032594,218.54450149536132,218.84660064697266,192.2742999267578,61.87941863312139,1.0098078417020513,0.015477958496504471,0.8334941245687421,1.8007479370964177,0.7462774442693105,1.021107670259855,95.05940574690543,96.63099575706605,-4.940594253094581,916910800.0,71.04767786849831
2024-08-22 00:00:00-04:00,-0.00048563247988708813,1.013019296316594,1.0005300811802647,218.9375015258789,219.5122006225586,192.51844985961915,56.82548560718684,1.010894745086048,0.01547264297330118,0.8274591113217291,2.046571779141658,1.0063363112437802,0.999154492522365,88.21893014833205,93.72030114176539,-11.781069851667946,873215500.0,62.047927483809424
2024-08-23 00:00:00-04:00,-0.008259695969967673,1.019830292820191,1.0145191935356503,219.28950119018555,219.85980072021485,192.7578498840332,83.87965038376461,0.9978667804130608,0.015556113470496258,0.8296597591298444,2.0666726515051153,1.2184035792960473,1.0034947722869614,94.49944772897425,92.59259454140391,-5.5005522710257475,911892800.0,75.64269076899629
2024-08-26 00:00:00-04:00,0.010288146667049025,1.0173405222569294,0.9947981277780327,219.7335006713867,220.13520050048828,192.99589988708496,91.16797454810865,1.037979332418532,0.014292869023990474,0.8142047784557495,2.243142682536188,1.4233513999440754,1.0057107144611022,94.7152445403767,92.47787413922767,-5.284755459623292,942495000.0,79.98496118793734
2024-08-27 00:00:00-04:00,0.0014988376978466444,1.0151413613778641,0.9981512537085749,220.18050003051758,220.3940002441406,193.22269981384278,90.48465843094259,1.0445537125287432,0.014217252792550306,0.801526051507004,2.3829620137538257,1.6152735227060255,1.0067105395316898,95.90406019369969,95.03958415435022,-4.095939806300308,978429600.0,79.15323460505905
2024-08-28 00:00:00-04:00,0.0037415535298863656,1.0176086385549141,0.9910976678938561,220.64199981689453,220.70480010986327,193.44839981079102,82.0837688478422,1.0462010999965206,0.014221666377785403,0.7972005264246259,2.533157566215266,1.7988503314078736,1.0003975777345686,81.16268735516304,90.59399736307982,-18.83731264483696,940377400.0,78.924053852675
2024-08-29 00:00:00-04:00,-0.006753467940081581,1.018521836539473,1.0063137120451189,220.8625,220.90120025634766,193.6687998199463,82.40077760815439,1.037802418403341,0.014347741835734534,0.8009420089685965,2.4991157846519627,1.9389034220566916,1.0234266892416737,81.92836999585053,86.33170584823777,-18.071630004149476,992283700.0,79.40820522893138
2024-08-30 00:00:00-04:00,0.014570125448949867,1.0176511412091296,1.0013491136535122,221.43399963378906,221.21120025634767,193.88574981689453,78.09901105572119,1.050228473862385,0.014604695057608086,0.8053315658159831,2.707211810549637,2.092565099755281,1.0095221464335238,71.81885595312009,78.30330443471122,-28.1811440468799,939292900.0,70.6723590087897
2024-09-03 00:00:00-04:00,-0.0034378924636161434,1.0128362854922974,1.005196517211381,221.8909996032715,221.59760040283203,194.10674980163574,53.27511440778479,1.0311599338611752,0.014370782813617259,0.8073189771703061,2.776379183417305,2.229327916487686,0.9805881303569984,23.22244357595806,58.989889841642906,-76.77755642404193,889102300.0,62.43550620914255
2024-09-04 00:00:00-04:00,-0.027205221517637823,1.0354026400320064,1.0259460370267246,222.56599960327148,221.90320037841798,194.28339981079102,48.215025890514745,1.020196023309135,0.015154373235489398,0.7990175672000831,2.3019507802945895,2.2438524892490666,0.9685129469183108,21.826488621135397,38.95592938340453,-78.1735113788646,845262100.0,55.208944355546556
2024-09-05 00:00:00-04:00,-0.00861874638471094,1.0197719474721016,1.0036676365687494,223.24700012207032,222.15740051269532,194.4475998687744,44.89082951974051,1.0045028904321647,0.015229303316850806,0.7556940004439204,1.7508523110920748,2.145252453617668,0.9818535012112241,31.735805573014876,25.59491259003612,-68.26419442698513,881877500.0,54.43375563481583
2024-09-06 00:00:00-04:00,0.006927773316790065,1.0178764507886497,0.9966273946239221,223.875,222.4236004638672,194.61094985961915,38.69432560716959,1.0626463436837459,0.010747365137528723,0.7024317512530596,1.4211784579029825,2.000437654474731,0.9609644187127648,21.632196039830966,25.064830077993758,-78.36780396016904,833454500.0,46.43873282317844
2024-09-09 00:00:00-04:00,-0.007015008203708928,1.024889662439655,1.0141743932624177,224.25050048828126,222.57500061035157,194.7665998840332,39.20206821209099,1.0655793653277275,0.010610069528747955,0.687260115172854,1.0222469619341155,1.8047995159666081,0.9646725050747135,25.90992697239485,26.42597619508024,-74.09007302760516,900634500.0,44.52281775221841
2024-09-10 00:00:00-04:00,0.00040755518026269755,1.021041933539389,0.9995926108532944,224.4840003967285,222.71120056152344,194.91389991760255,36.230626097301865,1.0528548086491776,0.010402796070164626,0.6866435342735479,0.7052234525928895,1.5848843032918645,0.9880594172864672,20.974680374795966,22.838934462340603,-79.02531962520402,849043500.0,38.21455038493013
2024-09-11 00:00:00-04:00,-0.0036213980285901837,1.0219166709437462,0.9945936012080031,224.61300048828124,222.90100067138673,195.06124992370604,42.71807681932212,1.0318785013810239,0.00997003068793135,0.6902792912516839,0.38498856848454466,1.3449051563304006,1.008195596597563,36.70573772189265,27.863448356361165,-63.29426227810735,893630600.0,39.07898419148213
2024-09-12 00:00:00-04:00,0.011585130365211915,1.0238652391702618,0.9946106308788928,224.68250045776367,223.0192007446289,195.21799995422364,46.32107674122348,1.0296892249623453,0.009853948690488088,0.6914392225418287,0.33312400446007473,1.1425489259563355,1.0017537520509272,37.3843353057125,31.68825113413372,-62.61566469428751,931086200.0,45.4191216896515
2024-09-13 00:00:00-04:00,0.0004940295003250661,1.01696840871285,0.9987879684549869,224.73500061035156,223.06920074462892,195.38199996948242,40.082263659352016,1.0240886568407537,0.009801538894856037,0.6936444585306248,0.2974680670371299,0.9735327541724944,1.007607973100529,35.718669575972996,36.602914201192725,-64.281330424027,894319600.0,45.198322186472325
2024-09-16 00:00:00-04:00,-0.001212031545013148,1.0095984389566621,1.004853940813729,224.6240005493164,223.08820068359375,195.54555000305174,30.41126113034059,1.00555880012559,0.009127370994336585,0.6984686002270071,0.24460375169033455,0.8277469536760624,0.9792223246489498,12.631627133018092,28.57821067156787,-87.3683728669819,834962200.0,43.374606805039924
2024-09-17 00:00:00-04:00,-0.027775247981039364,1.0154263419970282,1.0010169469048895,224.13750076293945,222.8878009033203,195.67515007019043,29.443990822385473,0.9756449852663083,0.010897429210033926,0.7316291770888443,-0.2925925349586578,0.6036790559491184,0.984916599359354,15.105237458881579,21.151844722624233,-84.89476254111842,880481500.0,44.01449503622619
2024-09-18 00:00:00-04:00,0.0021726421320320544,1.011188782734193,0.9952027615741462,223.68250045776367,222.6672006225586,195.81225006103514,40.23567406162194,0.964711606036429,0.01043224637009426,0.7602933388613388,-0.672646671018839,0.34841391055552695,0.9911524243766175,35.631601434004935,21.12282200863488,-64.36839856599507,940376400.0,45.68612583243513
2024-09-19 00:00:00-04:00,0.017989802463465043,1.0237658066897806,0.9857719001544616,223.3915008544922,222.5074008178711,195.965950088501,48.66975284536056,0.9762884293829259,0.011138895900156416,0.7803612132967598,-0.6516325525104207,0.1484046179423374,1.027382460509656,90.71602441777242,47.150954436886316,-9.28397558222758,1007157700.0,46.819898056500904
2024-09-20 00:00:00-04:00,0.03706553348719566,1.0231046713644236,0.9830471896412775,223.51500091552734,222.42520080566408,196.1541000366211,48.8392286645805,1.0131922428420512,0.013787375181462367,0.8018715550590749,0.024792540608672198,0.12368220247560437,1.0256179638123244,74.49139354864386,66.94633980014042,-25.508606451356137,688477800.0,67.4191857192302
2024-09-23 00:00:00-04:00,-0.002927418111763669,1.0240312860822571,1.0077563729015404,223.6985008239746,222.43780059814452,196.3479500579834,56.174899679493876,1.0074610502070152,0.013800081310331341,0.97368985550746,0.5010255369542165,0.1991508693713268,1.0469211980067643,65.46689749865679,76.8914384883577,-34.53310250134321,634331800.0,67.09505850734897
2024-09-24 00:00:00-04:00,-0.007581050616453089,1.0161197441610348,1.003841546838425,223.68000106811525,222.35640075683594,196.5132000732422,61.264677503545805,1.0003092196382777,0.013904979429254458,0.9947173663456055,0.7304275069899404,0.30540619689504955,1.0488029990253773,70.16170178894792,70.03999761208287,-29.838298211052077,677887900.0,71.56343834195066
2024-09-25 00:00:00-04:00,0.0039740093241191765,1.0160369044632684,1.0056295852873514,223.68950119018555,222.21580078125,196.68845001220703,57.022164741368385,1.0126486275924413,0.01379870435652472,1.0054332419291525,0.9736288198959926,0.43905072149523816,1.0257374263126817,64.94521720096313,66.85793882952261,-35.05478279903687,635579200.0,67.38332381858102
2024-09-26 00:00:00-04:00,-0.004398117700115112,1.014596861669973,0.9936387221254266,223.60650100708008,222.04680053710936,196.84894996643067,61.964286784737055,0.9979280496019625,0.013665444999781416,1.0623199915899684,1.073303594177304,0.5659012960316514,0.9941014948506669,70.94422223548843,68.68371374179983,-29.05577776451157,672215900.0,71.976192341755
2024-09-27 00:00:00-04:00,0.005080219022305155,1.013708337197503,0.9990330466922827,223.65800094604492,222.01960052490233,197.00799995422364,62.20723054922479,1.0014966617116012,0.013705490456806448,1.079998967706781,1.230903608122162,0.6989017584497536,0.9982033143400858,72.35261576423298,69.41401840022819,-27.64738423576702,706241900.0,78.07579143529527
2024-09-30 00:00:00-04:00,0.0011866605511687833,1.009766833219961,1.00294136462304,223.55800094604493,222.09180053710938,197.18104995727538,69.77601545450757,0.9989474828116964,0.013684482614386196,1.0847964725397354,1.3618895961114674,0.8314993259820963,1.0288338355813103,99.53053549041849,80.94245783004665,-0.46946450958151753,760783800.0,83.57621712707765
2024-10-01 00:00:00-04:00,0.02287197360475246,1.01458744259765,0.9872961085241752,223.75800094604492,222.2656005859375,197.37249992370604,54.81944857021762,1.0287429659099567,0.014421784336208786,1.101864333683069,1.8646069074705167,1.0381208422797803,0.9948982344714286,64.11064016078643,78.66459713847931,-35.88935983921358,697498800.0,77.26699446407697
2024-10-02 00:00:00-04:00,-0.029141602086406926,1.0264145358819208,1.0146324099745974,223.93000106811525,222.3106005859375,197.51374992370606,55.376774618581045,0.9844206158803102,0.015490660741765175,1.1071322592527089,1.6955727792609707,1.1696112296760184,1.0018112102794239,67.083994985374,76.90839021219298,-32.916005014625995,730379400.0,73.71513751639057
2024-10-03 00:00:00-04:00,0.002519747352073054,1.0195049357070778,0.9960754943361888,224.22650070190429,222.34600067138672,197.65709991455077,54.15683394794078,0.9903056715253139,0.015490743978646675,1.105648340728342,1.5892853190217977,1.2535460475451743,0.9918688200212048,61.29369390882137,64.16277635166061,-38.70630609117864,696335200.0,70.0700095368027
2024-10-04 00:00:00-04:00,-0.004894614235498862,1.015627754432715,0.9976514433305392,224.39100036621093,222.48860076904296,197.79759986877443,65.8403942195524,1.0130178832018044,0.014334572136002902,1.1002549591334745,1.3993530970006134,1.282707457436262,0.9956539344854739,66.16463407627262,64.84744099015602,-33.83536592372738,733580300.0,75.55146155184258
2024-10-07 00:00:00-04:00,0.005007333238716605,1.0172667426621926,1.0048500477509938,224.69000015258788,222.67480072021485,197.95214988708497,56.495242548898325,1.0269413483532046,0.014207204521829978,1.10112685300895,1.3247415963531068,1.2911142852196311,0.9514592379459496,26.68815653257579,51.38216150588994,-73.31184346742421,694074900.0,71.21260114806844
2024-10-08 00:00:00-04:00,-0.022530866585506182,1.0196990944484772,1.012675346328874,224.72900009155273,222.74940063476564,198.07589988708497,56.70185315883281,0.9968971920754752,0.015017197608270319,1.1029021896254794,0.8435531457998593,1.2016020573356767,0.9980548939996151,37.755140436718165,43.53597701518887,-62.24485956328184,725930600.0,70.35659535690205
2024-10-09 00:00:00-04:00,0.01840408582309916,1.0122284243114852,0.9934889436466985,225.0120002746582,222.90000061035155,198.230599899292,51.00029661030463,1.0224164332218972,0.015426766276385328,1.097745153789495,0.7824107377584539,1.1177637934202322,1.0121703612386115,69.81288511917042,44.75206069615481,-30.18711488082958,759521700.0,69.20975237080452
2024-10-10 00:00:00-04:00,0.016698360908574017,1.021883192318089,0.9812233262844914,225.3559997558594,223.11480041503907,198.40489990234374,51.26049958372603,1.0390656352404184,0.01577784485690635,1.0769802882456903,1.0263306443526972,1.0994771636067253,1.0149332881842121,66.06677519106178,57.87826691565013,-33.93322480893823,731338200.0,53.21025432422439
2024-10-11 00:00:00-04:00,-0.0021782696463562568,1.010256644142427,0.9944988013282822,225.66949920654298,223.25400024414063,198.58209983825682,51.63241047100712,1.040570590391254,0.015756947368641607,1.062978079757438,1.1658538686735653,1.1127525046200932,1.003306878262382,53.29907623511876,63.059578848450336,-46.700923764881246,699579000.0,55.39258961799288
2024-10-14 00:00:00-04:00,-0.006505371454991304,1.0091053371934702,1.0076906173435733,225.92199935913087,223.43780029296875,198.75459983825684,55.46898191579674,1.0219617322789103,0.01570090335178205,1.0613362604808478,1.1430212323572562,1.1188062501675258,1.0433488227007057,85.43275736952558,68.26620293190204,-14.567242630474434,739461100.0,55.13303112991785
2024-10-15 00:00:00-04:00,0.01647989430765695,1.0136919927403942,0.9887591609632023,226.6709991455078,223.66660034179688,198.9453498840332,59.97867513907164,1.0382906074233593,0.016037559653027486,1.0711430000097977,1.4112518308728284,1.1772953663085863,1.035788641883993,77.47525640614053,72.06903000359496,-22.524743593859473,804212500.0,64.55203792274706
2024-10-16 00:00:00-04:00,0.011024656368842312,1.0220338704805432,0.9989736776271119,227.52399978637695,224.15820037841797,199.1466999053955,55.54687093322249,1.0510112633865871,0.016138832861802684,1.0918972376525824,1.8087404141051593,1.303584375867901,1.009758671946861,64.66580804523248,75.85794060696621,-35.33419195476752,770130300.0,58.26550101325163
2024-10-17 00:00:00-04:00,-0.008851859184055066,1.0099199391560423,0.9992234330972076,228.0784996032715,224.64920043945312,199.3429499053955,55.662340699169874,1.0714681533451818,0.014912323737000788,1.078812212884517,1.9344218775137278,1.4297518761970665,1.0135784173136362,66.95538127135144,69.69881524090816,-33.04461872864856,803124100.0,58.23133993507845
2024-10-18 00:00:00-04:00,0.001596320300009113,1.014445608924763,1.0055136713889712,228.24249954223632,225.09580017089843,199.5754998779297,52.767018370509234,1.0708519815768365,0.014914809591969353,1.0710148173867284,2.0403608467676975,1.5518736703111928,1.0327400432798397,84.59155365785949,72.07091432481447,-15.408446342140497,849555600.0,57.656918951474104
2024-10-21 00:00:00-04:00,0.01227657195109133,1.0092731003798299,1.0050212454288563,228.5824996948242,225.52960021972658,199.8292498779297,66.65584412370563,1.0648420744043132,0.014693534160910932,1.0625519388840903,2.3274604024759356,1.7069910167441416,1.0223951258427875,93.74994098551359,81.76562530490818,-6.250059014486404,885810100.0,67.54408233059866
2024-10-22 00:00:00-04:00,0.006297854159740712,1.010236763431493,0.9914157695535663,229.082999420166,225.93440002441406,200.10209983825683,64.70208044369095,1.0332503201498957,0.012609483129494161,1.0447218122305142,2.643934523785475,1.8943797181524085,1.008595229653089,89.91333840700545,89.41827768345952,-10.086661592994556,846963500.0,66.6007937984393
2024-10-23 00:00:00-04:00,-0.002621765597043635,1.0155631772235485,0.9916475823980107,229.50749969482422,226.30100006103515,200.37549987792968,57.29853319563809,1.0335670629471863,0.012604466133529283,0.797433023142466,2.812295726019471,2.077962919725821,0.9955992567182977,58.353901848994674,80.67239374717124,-41.646098151005326,794676500.0,64.27065274520731
2024-10-24 00:00:00-04:00,-0.021623022514703605,1.0324025511977741,1.014387274238388,229.72699966430665,226.49079986572266,200.6014998626709,55.55556554920209,1.0189428765973825,0.013419527718936317,0.7948000246411278,2.5053156029864567,2.1634334563779483,0.993194113229354,57.17823885664862,68.48182637088293,-42.82176114335138,763567000.0,58.187387879609005
2024-10-25 00:00:00-04:00,-0.0008233107433687215,1.0105512176501452,0.9974410739561194,229.87949981689454,226.66779998779296,200.82864990234376,66.3857215469113,1.0140740303283287,0.013406843941855942,0.7857442806697631,2.2210978327323687,2.1749663316488324,0.9847234198387633,57.303374398462125,57.611838368035144,-42.69662560153788,802369300.0,65.27560136959325
2024-10-28 00:00:00-04:00,0.0036431292501519774,1.015899262882932,0.9927833795319249,230.06050033569335,226.8016000366211,201.05474990844726,63.837505015704345,1.0222644725610068,0.013370182973104699,0.7880109935797971,2.0401166911642576,2.1479964035519172,0.9869756347822193,67.69344065104148,60.725017968717424,-32.306559348958515,838456400.0,65.62170074217131
2024-10-29 00:00:00-04:00,0.008599413175243154,1.0093742964832215,0.99965729831038,230.08050003051758,226.94859985351562,201.29379989624024,58.57916257250626,1.0258438357665554,0.013441096502606623,0.7911579879269182,2.0338188161371136,2.1251608860689566,0.9907148205047951,62.9844514232655,62.66042215758972,-37.0155485767345,873873600.0,59.282201653497694
2024-10-30 00:00:00-04:00,0.0011568306749001334,1.008651835586553,0.9975606964099106,230.4534996032715,227.10419982910156,201.53254989624023,51.952862994020734,1.0258132712415795,0.013441104390262222,0.7939036143469109,2.0272459635209543,2.1055779015593563,0.9971399357816297,27.192189912371035,52.62336066222602,-72.80781008762897,826802700.0,52.387680434128406
2024-10-31 00:00:00-04:00,-0.015277922255336196,1.0170768813628004,1.0109082765765194,230.61949996948243,227.17600006103515,201.76489990234376,47.252010004126625,0.9875536742640155,0.012970862063599008,0.784559679187223,1.7142080827407824,2.027303937795642,0.9797892027840522,4.455512232829785,31.544051189488783,-95.54448776717021,762432600.0,49.608469851843054
2024-11-01 00:00:00-04:00,-0.01820948426885871,1.019789709413394,1.0151830048257244,230.63150024414062,227.16620025634765,201.9810499572754,35.5792285205784,0.9986737852311843,0.011993463767400035,0.7801901163141047,1.1151701399971898,1.8448771782359517,0.963268657942674,15.331005821732695,15.65956932231118,-84.6689941782673,697155900.0,41.39541471321818
2024-11-04 00:00:00-05:00,-0.013279624414008095,1.0230626128502318,0.9912969251736816,230.4370002746582,227.1338003540039,202.1524499511719,28.425624768184733,0.9829350245258895,0.012304914182850553,0.8056462658486355,0.3938136875378859,1.5546644800963387,0.9511996585796826,13.418832408814488,11.068450154459,-86.58116759118552,652211400.0,32.02976082056669
2024-11-05 00:00:00-05:00,-0.004037544930633463,1.0140184173599192,0.995405661731862,230.4529998779297,227.03720031738283,202.30469993591308,34.464738286836976,0.9837816116816319,0.012292383808795259,0.8197003084914055,-0.24763513161803985,1.194204557753463,0.956263100523012,21.820247185269658,16.856695138605623,-78.17975281473034,680322700.0,36.96503588444521
2024-11-06 00:00:00-05:00,0.006486205472888695,1.0127068715128398,0.9926158249316667,230.33699951171874,226.96260040283204,202.45249992370606,32.646303630437174,0.9852292501832501,0.012328902178719748,0.8307853801178932,-0.6325007053574154,0.8288635051312874,0.9679269678963309,17.561228786587936,17.60010279355737,-82.43877121341207,625761600.0,38.974258914218886
2024-11-07 00:00:00-05:00,-0.0032669310248778505,1.0220625020523033,0.9995061035841026,229.99599990844726,226.85640045166016,202.59019996643067,37.0701312057761,1.0046461219177851,0.011341983697232518,0.8618617583352214,-0.9850588544392735,0.46607903321717525,1.006949634987293,45.332492942587244,28.237989638148292,-54.667507057412756,667899300.0,38.38212862609507
2024-11-08 00:00:00-05:00,0.02137210165565251,1.0147392681597727,0.987471466070625,229.9180000305176,226.87620025634766,202.75509994506837,33.0725444551162,1.0075740418245043,0.011583018521436663,0.8791119889134392,-0.8703392230711415,0.1987953819595119,1.018168781056129,43.912794743802905,35.602172157659375,-56.087205256197095,629570500.0,38.45234738873136
2024-11-11 00:00:00-05:00,-0.0022858669924307184,1.0099377234380416,1.000925235499058,229.88850021362305,226.81960052490234,202.91904998779296,30.764121077029927,0.9887601871232542,0.011004236770041285,0.8906974127405937,-0.8120213793792175,-0.003367970308233964,1.009999555315672,29.29352663119796,39.512938105862716,-70.70647336880204,587564900.0,38.376964926311196
2024-11-12 00:00:00-05:00,-0.01202859933719469,1.0189616115044795,1.003433993163861,229.5349998474121,226.7242004394531,203.07809997558593,37.007549859798736,0.9789993114757702,0.011274728978503797,0.9053988524790784,-0.9748556103868395,-0.19766549832395508,1.0034907083909137,30.09315792147102,34.433159765490636,-69.90684207852897,587564900.0,45.78705465341788
2024-11-13 00:00:00-05:00,0.0,1.00998386336607,1.0014271387874778,229.0539993286133,226.75340026855469,203.24059997558595,39.45022253150708,0.9854097680523274,0.011205913164178136,0.9141976596199893,-1.091322821456771,-0.3763969629505183,1.01077583460547,36.01859094834155,31.80175850033685,-63.98140905165845,636131100.0,52.273179130750776
2024-11-14 00:00:00-05:00,0.003969136184303723,1.0174627378594636,0.9950692935570927,228.72099914550782,226.83880004882812,203.42599998474122,44.321817626755525,0.9732814187071696,0.010598439444336428,0.9194237095534346,-1.0991382312813869,-0.520945216616692,1.003253057442688,56.65779448366942,40.92318111782733,-43.34220551633057,681055000.0,52.68542624885472
2024-11-15 00:00:00-05:00,0.013770460957508002,1.0171999782986112,0.9859784553013494,228.52449951171874,226.95559997558593,203.6451000213623,35.675320944504236,0.9759247178282291,0.010763842013420767,0.9002699071821736,-0.8454416896256589,-0.5858445112184854,0.9913640876987715,36.18327669558393,42.9532207091983,-63.81672330441608,633131300.0,46.02752764916057
2024-11-18 00:00:00-05:00,-0.014109198157391867,1.0118160870647015,1.0062221950954862,228.02449951171874,227.03919982910156,203.83580001831055,41.19115589939764,0.9707481283328815,0.011001007267576452,0.9117539524415869,-0.8939081239995517,-0.6474572337746987,1.0169023262593604,60.39244822710765,51.077839802120344,-39.60755177289235,677765000.0,52.33534367123862
2024-11-19 00:00:00-05:00,0.013422241210937491,1.0202958092169538,0.9878519243024351,227.60149993896485,227.1813998413086,204.0466500091553,46.83587151212638,0.982209822388085,0.011429377434193512,0.9233674201114574,-0.6807813927416078,-0.6541220655680805,1.018061825486894,82.00951739867503,59.52841410712222,-17.99048260132496,713976800.0,58.99450380453559
2024-11-20 00:00:00-05:00,0.0011402267431117608,1.0154416303867073,0.994305225781017,227.2224998474121,227.3447998046875,204.24965003967284,56.10912474070928,0.9714042501246676,0.011065644053078704,0.9159900626675181,-0.4853032649403133,-0.6203583054425271,1.0172352743735302,88.89948324526064,77.10048295701445,-11.100516754739353,749146400.0,61.80848864800151
2024-11-21 00:00:00-05:00,0.0031540267415159917,1.017884781517769,0.9958951858453876,227.1345001220703,227.4715997314453,204.44815002441408,62.31883960851195,0.9683694356280471,0.010983397331019275,0.9165645743829025,-0.2691843692573741,-0.5501235182054965,1.0013145344411234,84.30622135325785,85.07174066573118,-15.693778646742137,707038100.0,64.10204073865461
2024-11-22 00:00:00-05:00,-0.002096051211960992,1.0197155501124213,1.001575357096188,227.03199996948243,227.58659973144532,204.64370002746583,66.92507614613487,0.9688798595823946,0.010981189402937092,0.9162342196577157,-0.1350830774659073,-0.4671154300575787,1.0216444227430554,91.12728662785604,88.1109970754582,-8.872713372143954,745206400.0,71.32250356588608
2024-11-25 00:00:00-05:00,0.005907539031537068,1.011663613481474,0.9921259947055246,226.95499954223632,227.73399963378907,204.85144996643066,69.00727286834021,0.996143181613648,0.01009739030851573,0.9017896443000597,0.07921302283230602,-0.3578497394796018,1.021270023479744,96.84904676832447,90.76085158314613,-3.1509532316755315,835359200.0,74.18788489148861
2024-11-26 00:00:00-05:00,0.013050855108212911,1.0152781162310034,0.9939451692666084,226.9284996032715,228.06499938964845,205.07154991149903,73.51372128508825,1.009975225397528,0.010477921207446561,0.9441217629868522,0.48552235471359495,-0.18917532064096243,1.029700362780586,96.37519900400395,94.78384413339484,-3.6248009959960608,881345400.0,73.94004081578711
2024-11-27 00:00:00-05:00,0.009404399395912533,1.0096001606119471,0.9926401950756941,226.9979995727539,228.43039947509766,205.31109992980956,67.2373825493404,1.01577284403752,0.010631000096923617,0.9486975083108513,0.9730239080116121,0.043264525089552475,1.0258951645230623,94.64404767537388,95.95609781590076,-5.355952324626111,847847000.0,73.63415776731456
2024-11-29 00:00:00-05:00,-0.000553071063399857,1.0080407377889877,0.9980420062596564,227.2394989013672,228.71519927978517,205.5605499267578,72.07319275425772,1.0065552648642118,0.010487959612023848,0.9454169175254371,1.333510218000697,0.3013136636717814,1.0385524128911259,97.05704598780794,96.02543088906192,-2.9429540121920645,876328400.0,73.26498849321517
2024-12-02 00:00:00-05:00,0.01021584825308186,1.0164123448213704,0.989381855420644,227.81049880981445,228.8843994140625,205.82644996643066,83.36228879142061,1.015663130443743,0.010696918590388974,0.9411130637220644,1.7921995362981704,0.5994908381970592,1.042284775861016,93.34444243213098,95.01517869843762,-6.6555575678690335,924465500.0,80.20312441820285
2024-12-03 00:00:00-05:00,0.009522582435425697,1.0153060784616752,0.9903168241542195,228.6444984436035,229.11219940185546,206.10509994506836,85.31441118806164,1.0412428943183327,0.010222410022735655,0.9391512501402202,2.3114320450668515,0.9418790795710177,1.0419976767482444,99.44999694824219,96.6171617893937,-0.5500030517578125,963326500.0,80.24676749951784
2024-12-04 00:00:00-05:00,0.01277180852859261,1.0161573909961006,0.9882959142413901,229.67649841308594,229.43579925537108,206.4067999267578,85.00977935972816,1.074100261002221,0.009424721739167554,0.9190299219176845,2.935999405099551,1.3407031446767244,1.0338211394146744,94.45561337420803,95.7500175848604,-5.544386625791973,1007710400.0,80.22701355528085
2024-12-05 00:00:00-05:00,0.0014836209330593153,1.0118549248097475,0.9994238945195133,230.6544982910156,229.74859924316405,206.71404991149902,82.96262206863877,1.0901708784465074,0.008684782827512819,0.9018385311839648,3.420592121562237,1.756680940053827,1.0345209247996865,92.59989732116645,95.50183588120557,-7.400102678833556,1047744300.0,80.16130450044149
2024-12-06 00:00:00-05:00,0.00012344668933361724,1.0099532827601714,1.0039088719275628,231.6704978942871,230.08199920654297,207.01764984130858,95.8376263398493,1.0947254596623548,0.008546344780557378,0.900083897856037,3.763670737976156,2.158078899638293,1.0232165948861294,90.8016036621081,92.61903811916086,-9.198396337891888,1010873700.0,81.20113609246624
2024-12-09 00:00:00-05:00,-0.0008228972752098995,1.0105337203918952,1.000288285806599,232.4384979248047,230.38839904785155,207.30999984741212,96.01966622602363,1.086775563456999,0.008593426535146274,0.9103566765405015,3.9736195186346777,2.52118702343757,1.0298844015674666,97.724080255707,93.70852707966053,-2.2759197442930144,1055522900.0,81.30544144547366
2024-12-10 00:00:00-05:00,0.01610115187396466,1.0227094332705855,0.9800607976942439,233.42799758911133,230.76759918212892,207.6311498260498,96.16296762115414,1.1078933128932793,0.008821379793516347,0.8986938851702461,4.404735014775355,2.8978966217051267,1.0211003935906167,98.04443359375,95.52337250385504,-1.9555664062499998,1092437700.0,81.41675497552993
2024-12-11 00:00:00-05:00,0.004133755916761572,1.0116980941502252,0.9964482993597369,234.60499801635743,231.06299926757814,207.96419982910157,90.35534603373551,1.089194693713745,0.00799757168380474,0.8970111019409085,4.773675017648372,3.273052300893776,1.0143204438705924,82.82184859435455,92.86345414793719,-17.178151405645448,1047231900.0,87.30692314301592
2024-12-12 00:00:00-05:00,-0.005166076430661581,1.0184358346714568,1.0059637355995916,235.71799850463867,231.46859924316405,208.28349983215332,92.89496756329433,1.086050397433759,0.0081265596585549,0.9098457061243165,4.906221555822782,3.5996861518795775,1.0202436371117818,87.51101296459949,89.45909838423468,-12.488987035400516,1080009400.0,88.20820502398254
2024-12-13 00:00:00-05:00,0.005963735599591624,1.0124552788530121,0.9956847584479481,236.85999908447266,231.89219940185546,208.61619987487794,92.50465648562137,1.1058288874748157,0.007324511508665047,0.9064636599561211,5.071422256547265,3.894033372813115,1.0217839261435389,87.32194454668495,85.88493536854634,-12.678055453315057,1113164700.0,88.16384530268682
2024-12-16 00:00:00-05:00,0.0006855870476785153,1.0123862399485424,0.9987506647624492,237.85549926757812,232.34139953613283,208.953099899292,92.473115211351,1.1065870294370173,0.007305403807828788,0.9028123435785307,5.156620126642679,4.146550723579027,1.017385991027894,98.11627956125706,90.9830790241805,-1.8837204387429467,1164859500.0,87.47029761041988
2024-12-17 00:00:00-05:00,0.011727676403724852,1.0150616235746295,0.9878505900472503,239.15749893188476,232.82619934082032,209.30999984741212,92.56007090683325,1.1151385871141855,0.007457183280106718,0.9017028846359855,5.3967415199831805,4.3965888828598585,1.023045531568055,98.25171813775742,94.56331408189982,-1.748281862242584,1216215900.0,87.66662955045302
2024-12-18 00:00:00-05:00,0.009719576588042456,1.0162142808533534,0.9865867368084582,240.43049850463868,233.46199920654297,209.70189979553223,74.35043915767366,1.110682649950597,0.007277973180135953,0.9036577545294869,5.718013558296519,4.660873817947191,1.00632884710872,69.3254727896165,88.56449016287701,-30.67452721038349,1159441800.0,78.40227775320172
2024-12-19 00:00:00-05:00,-0.021421779893107784,1.026398616053608,1.0165692423293136,241.41899871826172,233.9075991821289,210.0915498352051,73.70625285957485,1.1024444580078125,0.008280960042887704,0.9128592541577478,5.4713980636563235,4.822978667089018,1.007380168263898,73.77332491960613,80.45017194899337,-26.226675080393875,1220324100.0,69.67890439722974
2024-12-20 00:00:00-05:00,0.007014675319362729,1.0198713170702185,0.9908323257629074,242.45849838256837,234.3125991821289,210.49489982604982,75.94014003877392,1.0954740312506044,0.008061080778574491,0.923865919290685,5.354631320869345,4.929309197845083,1.0256317272606965,96.8323334565409,79.97704372192118,-3.1676665434590996,1367819400.0,74.02091069512257
2024-12-23 00:00:00-05:00,0.018815854651340613,1.0378932698363015,0.9746551453188423,243.75699844360352,234.82159942626953,210.9223498535156,73.86538671295861,1.1148151693272403,0.008605664065854354,1.0018746879619655,5.577055714734968,5.05885850122306,1.0168499486116016,97.36118204802706,89.32228014139137,-2.638817951972941,1408678200.0,74.16935193687848
2024-12-24 00:00:00-05:00,0.0030649485734630666,1.008680201123425,0.9980412896477006,245.0269989013672,235.3759994506836,211.34504989624023,76.18066283434823,1.1147161758622748,0.008606588961626586,1.0152562421368552,5.749985775345749,5.197083956047598,1.0186208638119343,99.93937270214198,98.04429606890334,-0.06062729785802087,1431912900.0,73.46138828221694
2024-12-26 00:00:00-05:00,0.011478073747524853,1.0114379656302177,0.9895042347569905,246.2934997558594,235.91399963378908,211.77229995727538,76.81209808030943,1.1298792551184416,0.008561298313354658,1.0985655012836784,6.053678213335672,5.368402807505213,1.0442248975083668,94.11435024189538,97.13830166402148,-5.885649758104618,1459150000.0,73.04802501329996
2024-12-27 00:00:00-05:00,0.003175742710589624,1.0095873973290752,0.9967956659429021,247.4914993286133,236.41739929199218,212.20124992370606,69.30065433150456,1.126810782249435,0.008576437618244928,1.0974485336704451,6.288037353449084,5.552329716693987,1.0232195172250713,75.42229828053877,89.82534040819206,-24.577701719461228,1416794700.0,72.2653184697276
2024-12-30 00:00:00-05:00,-0.013242192962953925,1.0222872627157582,1.0087639980690548,248.52449951171874,236.89359924316406,212.62354988098144,58.38204088759221,1.0975651724013207,0.009274314953939766,1.0483338924965142,6.126375869675854,5.667138947290361,0.9910015776828478,46.47693815439072,72.00452889227496,-53.52306184560928,1381237200.0,66.74235583416751
2024-12-31 00:00:00-05:00,-0.013263427513676485,1.0109670987038883,1.0001189483729576,249.26799926757812,237.2945993041992,213.01954986572267,53.98256267256167,1.072917551125967,0.00991512283322606,1.0399455045233927,5.659474461053549,5.6656060500429986,0.9810004856726566,32.87101996762007,51.59008546751653,-67.12898003237993,1341756500.0,61.167942454260334
2025-01-02 00:00:00-05:00,-0.007057885808230857,1.015435217161394,1.0080664654869063,249.80949935913085,237.60299926757813,213.40854988098144,46.57675999628027,1.0659345591286051,0.010128662001267563,1.0451342513797124,5.087178874057429,5.549920614845885,0.9444229069516487,11.105026886522348,30.150995002844393,-88.89497311347765,1286015800.0,53.93216065296698
2025-01-03 00:00:00-05:00,-0.026235892155055618,1.0301050308444342,1.020832423396,249.86949996948243,237.75039947509765,213.75919990539552,43.87970797940588,1.0274723137494528,0.011738059717692378,1.0654340817784294,4.05672366108854,5.251281224094416,0.9395413903654605,8.424471493274613,17.46683944913902,-91.57552850672539,1245771700.0,53.422713965428805
2025-01-06 00:00:00-05:00,-0.0020094545044057055,1.0094670854186245,1.0,249.8870002746582,237.90039947509766,214.09559989929198,45.99230690479521,1.0157352323973667,0.011610115505819607,1.062517997564554,3.1640677294093678,4.8338385251574065,0.958566467821023,17.396022363977234,12.308506914591407,-82.60397763602276,1290817300.0,54.15365984094464
2025-01-07 00:00:00-05:00,0.006738984983297502,1.016981928185186,0.9971836635044643,249.98500061035156,238.18519958496094,214.42724990844727,38.65913799712619,1.0096847564913525,0.011382267643426808,1.0756985666850754,2.5594618341977764,4.378963186965481,0.9603886187341025,4.586669921875,10.135721259708959,-95.413330078125,1249961300.0,47.76944974680355
2025-01-08 00:00:00-05:00,-0.011387727698501271,1.0174021000291205,1.0031790140470187,249.9535011291504,238.4179995727539,214.78144996643067,35.42453573689157,0.9967080045633833,0.011656808425602223,1.0690585514455289,1.8340365335377555,3.869977856279936,0.969171786290427,13.21692515279715,11.733205812883137,-86.78307484720284,1287590200.0,41.34772671982825
2025-01-10 00:00:00-05:00,0.0020229974847978394,1.0152468386401987,0.9967861607371045,249.7510009765625,238.64379943847655,215.1335499572754,35.02672127743169,0.9986010683538394,0.011665455742854474,1.0652353714125116,1.2838702165772418,3.352756328339397,0.9712938288915668,14.206661388966152,10.670085487879442,-85.79333861103385,1225879300.0,41.2500121947302
2025-01-13 00:00:00-05:00,-0.024103794471716178,1.0307296294511132,1.013341728190369,249.20500106811522,238.71279968261717,215.4635499572754,29.808434181155718,0.9753335927989373,0.012749405899306442,1.0818650453599759,0.37153129440420685,2.7565113215523587,0.9631820895323993,15.404845041446844,14.276143861070059,-84.59515495855315,1176248600.0,42.132778850607956
2025-01-14 00:00:00-05:00,-0.010344150913639716,1.0215479580443083,0.9962884166389027,248.60050048828126,238.72739959716796,215.78699989318847,19.28752449783579,0.9499493167030775,0.012293194107602852,1.0832296503207612,-0.5429407015275842,2.0966209169363705,0.9521632603236607,11.718225761733898,13.776577397382306,-88.28177423826611,1136813300.0,30.767329047372968
2025-01-15 00:00:00-05:00,-0.004778136289893098,1.0157009243227866,1.006301445594973,247.86650009155272,238.7909994506836,216.086849899292,27.308253009674658,0.9415183224631578,0.01221912930446922,1.0830082962316343,-1.3425643464175323,1.4087838642655899,0.9820816172892199,26.826835373865386,17.983302059015386,-73.17316462613461,1176645300.0,30.2929599069936
2025-01-16 00:00:00-05:00,0.019675910330543056,1.0193235259122795,0.9864211720946654,247.35349960327147,239.03019927978517,216.41879989624024,16.748050366946885,0.9650289659463875,0.01309343273274905,1.0752204550270044,-1.5875966754721276,0.8095077563180465,0.9405026673960539,0.7171676801126686,13.087409605237326,-99.28283231988732,1104886200.0,24.23142513288208
2025-01-17 00:00:00-05:00,-0.040400222002010655,1.0437661526157285,1.0398230606126098,246.21449966430663,239.1371990966797,216.70994987487794,18.37977597609631,0.9205516548087368,0.015363533641767776,1.098728972688581,-2.5280910369475578,0.14198799766492565,0.9709942571292398,6.357991830805128,11.300664961594402,-93.64200816919487,1173374500.0,18.51956163884512
2025-01-21 00:00:00-05:00,0.007535272330218223,1.0166754097944626,1.009305154489105,245.03949966430665,239.29659912109375,217.01564987182618,16.937571827047364,0.9268528239305627,0.015523979367759419,1.1204778034194645,-3.098927364805945,-0.5061950748292486,0.9498293736644491,9.554498749601983,5.543219420173269,-90.44550125039802,1075304100.0,17.33617481511135
2025-01-22 00:00:00-05:00,-0.031915803436166845,1.0229738042390193,1.0061085187481131,243.76899948120118,239.28039916992188,217.28059989929199,20.218338876647536,0.8868706395155359,0.016278305993413133,1.1445081271419772,-4.096375165839305,-1.22423109303126,0.9594907536107169,13.126837018999222,9.679775866468788,-86.87316298100077,1139430600.0,24.892897240840696
2025-01-23 00:00:00-05:00,0.00534496247156202,1.0197006322549802,0.9819505494711507,242.47099990844725,239.30259918212892,217.55564987182618,20.925673872210055,0.8830282689117819,0.016111780958903903,1.1571959411482888,-4.736240055473047,-1.9266328855196175,0.9402615220634384,14.401072017168703,12.360802595256645,-85.5989279828313,1079195800.0,31.889885458328607
2025-01-24 00:00:00-05:00,-0.0007594967946863429,1.0212775333450526,1.0048287660438666,240.92949981689452,239.2261993408203,217.82604988098146,23.87798866921976,0.9016730534586639,0.015738174760912244,1.1507866173914438,-5.197145563045268,-2.5807354210247477,0.9759923076342011,12.164559097378381,13.230822711182112,-87.83544090262161,1024497900.0,32.146551632650755
2025-01-27 00:00:00-05:00,-0.003934565270516388,1.0190596682665847,1.0089774666081284,239.30499954223632,239.14259918212892,218.0976998901367,35.61380550175157,0.8918691891876703,0.01552594206192212,1.1368511452012902,-5.569226956347023,-3.178433728089203,0.9994782367187725,37.49551653599792,21.353715883515008,-62.50448346400208,1119361300.0,41.51061053969947
2025-01-28 00:00:00-05:00,0.03178024001189028,1.0364764636342065,0.9745932466615176,237.88799896240235,239.25519927978516,218.39864990234375,43.72204887419481,0.9032181840104755,0.016678994362778005,1.0697175089093576,-5.232490272766171,-3.5892450370245967,1.0701580810277065,72.14364136420697,40.601238999194436,-27.856358635793026,1195068900.0,43.53928865293971
2025-01-29 00:00:00-05:00,0.036543956643956044,1.0406395086089426,0.9688995694864431,236.84999923706056,239.5357992553711,218.75104988098144,47.259081901470296,0.9333646355587103,0.01879364951193136,1.089129441565805,-4.238950733799442,-3.719186176379566,1.0693830078731752,82.12081473021799,63.91999087680764,-17.87918526978202,1240555000.0,48.79279795626428
2025-01-30 00:00:00-05:00,0.004616830894303092,1.0249989583386991,0.9781082658764939,236.0384994506836,239.8205993652344,219.07264991760255,45.20367918104966,0.9270332660496805,0.018598549209394803,1.1076251221643059,-3.324479659584398,-3.640244873020533,1.0622820014651604,85.05371937639198,79.77272515693899,-14.946280623608018,1184896700.0,54.34069872616674
2025-01-31 00:00:00-05:00,-0.0073947370820001135,1.0150920554400724,1.0045456536373643,235.30799942016603,240.00799926757813,219.3778498840332,49.13282398067199,0.9172651008233572,0.018560529144875815,1.132932428364844,-2.7113248321810204,-3.4544608648526305,1.0593410597591388,59.762662985389746,75.64573236399993,-40.237337014610254,1083936900.0,63.27053633493572
2025-02-03 00:00:00-05:00,-0.006692185539787565,1.0589016443462866,1.0474152645822299,234.58699951171874,240.22799926757813,219.69439987182616,44.1429889714346,0.9233538220643323,0.018453291594159333,1.1623050344950538,-2.3268718994069104,-3.228943071763487,0.991951596195061,31.03196829068627,58.616116884156014,-68.96803170931373,1010873600.0,61.775430934605495
2025-02-04 00:00:00-05:00,-0.033855955479508704,1.027159968833399,1.0086838780493403,233.79499893188478,240.2277990722656,219.98754981994628,49.58777431151352,0.9040840494285547,0.019468809663159566,1.1841638608824985,-2.6365246335893744,-3.1104593841286645,0.9770838933058001,48.25602066548298,46.350217313853015,-51.74397933451702,1055940900.0,61.98152361936444
2025-02-05 00:00:00-05:00,0.021007888515072404,1.0285903867673947,0.9761597810180274,233.2669990539551,240.31819915771484,220.31154983520508,44.99630124389055,0.9296382267948896,0.020191859983911053,1.186000855976856,-2.466975243583761,-2.9817625560196843,0.9712149090404436,47.0693904604303,42.119126472199866,-52.93060953956971,1016320600.0,61.93170758609838
2025-02-06 00:00:00-05:00,-0.0014175336199687694,1.0192753923604987,0.9830515661344809,232.64049911499023,240.3875991821289,220.63869987487794,55.49889619122535,0.9533319475170255,0.01952077939249932,1.170023583109353,-2.332348656813508,-2.851879776178449,0.9816069902582402,49.76626232609588,48.36389115066973,-50.23373767390412,1046245900.0,68.13296150378665
2025-02-07 00:00:00-05:00,0.00322622272147699,1.0146248773297417,0.9917245179467096,232.19099884033204,240.48159912109375,220.97979988098143,47.600581933936354,0.9583333359458533,0.019552389473456895,1.166743469082695,-2.140463454565463,-2.7095965118558523,0.9645339189949682,29.6655905223214,42.167081102949204,-70.3344094776786,1006538700.0,70.37739133446956
2025-02-10 00:00:00-05:00,-0.023968769010513147,1.029657685717146,1.0218336823533514,231.43749923706054,240.43679931640625,221.28874992370606,56.01439784581849,0.9291020607461735,0.020008317741297108,1.1706136022465077,-2.4116589332675744,-2.650008996138197,0.9984211191657181,28.686124029410472,36.039325625942595,-71.31387597058952,1039654300.0,75.70917019915935
2025-02-11 00:00:00-05:00,8.781361526644105e-05,1.0149207721618971,1.0084340587709721,230.97749862670898,240.33239929199217,221.59249992370604,59.67421500211097,0.9398868237736223,0.01993264878059358,1.1750324228611868,-2.5950561655388356,-2.639018430018325,0.9992267700506418,43.48328931683474,33.94500128952222,-56.51671068316526,1093372700.0,75.47251838636875
2025-02-12 00:00:00-05:00,0.021831765227118938,1.0311225647339715,0.9809990617241711,230.88849868774415,240.28359924316408,221.91049987792968,63.340727983707524,0.9584672354437469,0.02058913926880187,1.1866276055945653,-2.3127028322988394,-2.5737553104744277,1.0189271470442636,59.96893788642678,44.04611707755735,-40.03106211357322,1138616000.0,75.08547464757524
2025-02-13 00:00:00-05:00,0.018270140526221557,1.0272239216121029,0.976062826504724,231.06799850463867,240.32239929199218,222.2453998565674,67.59241601940664,1.0000843952423761,0.02037670033519518,1.1654376477030421,-1.7260989064578496,-2.404224029671112,1.0356315818330253,75.61395077612056,59.68872599312738,-24.38604922387944,1192230100.0,81.82318711484179
2025-02-14 00:00:00-05:00,0.01967325435120615,1.0287387562218573,0.9808719614932424,231.25099868774413,240.40639923095702,222.60654983520507,64.95535845603888,1.0304181103603665,0.020640134234924515,1.169405555612971,-0.8751001093890522,-2.0983992456147003,1.0745508098962593,87.94790285784478,74.51026384013072,-12.052097142155215,1233126300.0,80.58351565903679
2025-02-18 00:00:00-05:00,0.012710666748373622,1.0189219364067075,0.9863041454622945,232.06799926757813,240.50659942626953,222.96204986572266,57.57132763290226,1.0485254088796891,0.020720741089172358,1.171179708938748,0.04651035986904617,-1.669417324517951,1.0738853844725647,87.34294776439981,83.63493379945506,-12.657052235600188,1184303800.0,79.88204108077163
2025-02-19 00:00:00-05:00,-0.0005314999164697243,1.0138107690558518,0.9986910159830619,232.79249954223633,240.5429995727539,223.3327498626709,56.83452338727597,1.0277462741791545,0.02036146494295749,1.1756298402765202,0.7576690518569649,-1.1840000492429679,1.0526609932814623,89.20424973852732,88.16503345359065,-10.795750261472667,1216508000.0,79.51985467744237
2025-02-20 00:00:00-05:00,0.001636167605379324,1.0117206399152998,0.9991424369695534,233.90399932861328,240.58019958496095,223.71059982299803,60.43038267096694,1.0727679006837711,0.018093920072236105,1.1430571151518334,1.3381186051071552,-0.6795763183729433,1.037826685095486,93.6714738821999,90.07289046170904,-6.328526117800094,1248824900.0,78.8263912716074
2025-02-21 00:00:00-05:00,0.003920475080696484,1.0101928264013973,0.9963796144367274,235.00399932861328,240.6359997558594,224.07459983825683,62.503271308655314,1.0689190642576296,0.018070542864612633,1.11280118799302,1.8542192908953155,-0.17281719651929156,1.0166439129415734,86.3418936955796,89.7392057721023,-13.6581063044204,1195627500.0,77.23749107560367
2025-02-24 00:00:00-05:00,-0.001138993520771736,1.0141505635895502,1.0016289712543807,236.0984992980957,240.6901998901367,224.38544982910156,80.06299594044317,1.102901561825887,0.01633095660770438,1.070263619665655,2.2151048909176723,0.3047672209681012,1.0102207683467594,92.07566873117126,90.69634543631695,-7.924331268828729,1246953900.0,88.30133367058907
2025-02-25 00:00:00-05:00,0.00631237235794746,1.0181654630335824,0.9912180761872369,237.31449966430665,240.69720001220702,224.71239982604982,76.35081410267995,1.1039628471701706,0.016334391311709225,1.0565184741654006,2.5962536256518547,0.763064501904852,1.0105125048169388,87.01751615055603,88.478359525769,-12.982483849443957,1198940600.0,88.4207062270712
2025-02-26 00:00:00-05:00,-0.0002428685386501872,1.020783129565067,1.0038860376455534,238.1734992980957,240.68259979248046,225.03559982299805,61.82199121419593,1.1045336190700612,0.01632663929128359,1.045353466927485,2.860500146058058,1.1825516307354933,0.9815820860180212,57.719306581824235,78.9374971545172,-42.28069341817576,1154507000.0,81.17902365257811
2025-02-27 00:00:00-05:00,-0.027040126527384523,1.0244636420577726,1.0165168963663755,238.27849960327148,240.55999969482423,225.323699798584,55.71749008371377,1.078911939704564,0.01759916171203588,1.036063585835246,2.502055694791949,1.4464524435467845,0.9653012296474738,44.298266454560604,63.01169639564697,-55.70173354543939,1113353400.0,74.92331996908662
2025-02-28 00:00:00-05:00,-0.012730893454915293,1.0227790821348453,1.0088917007299463,238.1754997253418,240.34679962158202,225.58734977722168,70.5168776371308,1.0323675385958875,0.01674373070459232,0.9856406078997265,1.9486073229458896,1.5468834194266057,0.9848910337293493,64.21051504429398,55.409362693559615,-35.789484955706016,1170186800.0,72.76259026310619
2025-03-03 00:00:00-05:00,0.019131872009047424,1.0516507365216072,0.9797800220654308,238.38799972534179,240.2209994506836,225.88129974365233,63.508590909704694,1.0150256103147521,0.015367425622842507,0.9621452914856579,1.8549522815278578,1.608497191846856,0.9632941841352318,45.26747191042593,51.258751136426845,-54.73252808957406,1123002800.0,78.24014131529236
2025-03-04 00:00:00-05:00,-0.01575420780800274,1.0335436794226076,1.015796305197322,238.48949966430663,239.9607995605469,226.14004974365236,54.655409076978934,0.9944435084071555,0.015735273917196282,0.9622085133625279,1.4565053380614756,1.57809882108978,0.9550275222138488,28.939367900907282,46.13911828520907,-71.06063209909271,1069204700.0,70.15958782656173
2025-03-05 00:00:00-05:00,-0.00882244302938795,1.0229675081671066,1.007544670424892,238.8854995727539,239.60979949951172,226.38254974365233,48.20579640059329,0.9930131584338737,0.015769549307684084,0.9560339547730645,0.9602116010132136,1.4545213770744667,0.9807788521157603,31.343324152593738,35.183387987975664,-68.65667584740626,1021977100.0,63.22163418390193
2025-03-06 00:00:00-05:00,-0.0008052693108767661,1.0319330256103099,0.9986425412880207,239.03249969482422,239.36359954833983,226.61264976501465,38.619684842211036,0.9988983283608647,0.01570393939596245,0.9195840305920706,0.5452792215100715,1.2726729459615875,0.9916982671918743,29.369305964003374,29.883999339168145,-70.63069403599663,976806700.0,62.69492161673348
2025-03-07 00:00:00-05:00,-0.0017392197020257294,1.0201578181267028,0.9962180793663216,239.1754997253418,239.07439971923827,226.84009979248046,40.09316006145065,1.0321038879898718,0.013774409803593438,0.8944215819968214,0.1812688973264187,1.0543921362345539,0.9885461914670155,47.3760691986309,36.029566438409354,-52.6239308013691,1023080300.0,62.949166325688616
2025-03-10 00:00:00-04:00,0.015892599600832114,1.0281564183209209,0.9834357862025881,239.46800003051757,238.76599975585938,227.08609985351563,28.42265555569766,1.0269330076901544,0.0134697338789197,0.8920617467753286,0.19235789752235632,0.8819852884921143,0.955677842684275,12.645440889058298,29.796938683897537,-87.3545591109417,951009100.0,53.739365223983135
2025-03-11 00:00:00-04:00,-0.04847957184759566,1.0532512816715827,1.03543167623516,239.46049957275392,238.21019958496095,227.26829986572267,23.657103246531236,0.9785348411968793,0.01715424906650886,0.9095039729992905,-0.7257055818030835,0.5604471144330747,0.936040364488005,10.414743692214081,23.478751259967776,-89.58525630778593,874871700.0,46.25886436947791
2025-03-12 00:00:00-04:00,-0.029189377151217277,1.0385835801673773,1.0134486563573337,239.11999969482423,237.4629992675781,227.41074981689454,20.26386281624785,0.9469170533487095,0.018151199507704257,0.9429853051250113,-1.9664024974652534,0.05507719205340905,0.9204207630080462,5.899094561017334,9.653093047429918,-94.10090543898266,812324200.0,40.236163942288215
2025-03-13 00:00:00-04:00,-0.017478720677234882,1.0318272589518205,1.0145635714090315,238.3379997253418,236.62219940185548,227.5411498260498,17.702141808054762,0.9532135090856927,0.017832490752944723,0.9565540216873817,-3.2239696168586534,-0.6007321697290035,0.8910040838155103,3.030289685785657,6.448042646339039,-96.96971031421434,750955900.0,32.788055234355156
2025-03-14 00:00:00-04:00,-0.03364366852013578,1.0403991855048385,1.0299027303103543,236.97849960327147,235.7039993286133,227.65514976501464,20.920585943595583,0.9210630278827315,0.01905094143915443,0.976582198422579,-4.754839032285929,-1.4315535422403887,0.8930020452278485,12.193379271167165,7.040921172656733,-87.80662072883283,811063500.0,32.8249154000749
2025-03-17 00:00:00-04:00,0.01817060735629683,1.0208512027817913,0.9895076798185956,235.57649993896484,234.92979949951172,227.77269981384276,21.63462382398737,0.917762917953866,0.018833364697535385,0.9764554797257617,-5.596119300737882,-2.2644666939398874,0.9407420609252845,15.262588084454231,10.162085680469032,-84.73741191554576,859136900.0,32.1943709194944
2025-03-18 00:00:00-04:00,0.00238884488132296,1.0250035717934851,0.996775689526139,234.04649963378907,234.2013995361328,227.89274978637695,23.83204772216368,0.9034491679460164,0.018245468615551243,0.9757461202477123,-6.150785256378697,-3.041730406427649,0.9630954807479045,11.991025552579405,13.148997636066946,-88.0089744474206,816704500.0,37.76255688245789
2025-03-19 00:00:00-04:00,-0.006121483918662407,1.0173057274966055,1.0069114730538784,232.4574996948242,233.57819946289064,228.00474983215332,28.934309709028156,0.8805945576795875,0.017432572626457272,0.9666493962033851,-6.619759411410996,-3.757336207424319,0.9919808725751847,19.151943856569957,15.468519164534547,-80.84805614343004,871089900.0,44.094400812039986
2025-03-20 00:00:00-04:00,0.011989294383784266,1.023438570792215,0.9952610841552254,230.97600021362305,233.01579956054687,228.12449989318847,21.67077432086576,0.8799672940403513,0.01739710183721144,0.9734499946240455,-6.708331404399644,-4.347535246819384,1.0210798053325423,15.950597689456867,15.697855699535424,-84.04940231054313,822227000.0,44.878878408506054
2025-03-21 00:00:00-04:00,-0.0052964103352275416,1.0248327407508602,0.9994862185557417,229.3895004272461,232.39779968261718,228.23374992370606,29.967573541172882,0.8757720989669812,0.0173599793078211,0.9724592555872987,-6.792217317118826,-4.836471660879273,1.0223898011911847,29.89379974446736,21.66544709683141,-70.10620025553264,916354800.0,47.64865588581178
2025-03-24 00:00:00-04:00,0.019476870855058115,1.0357818894465771,0.9692582279629626,228.02550048828124,231.91899963378907,228.35494995117188,34.70209891244288,0.8913709667368735,0.018126853970259853,1.008161257941217,-6.4478862857764625,-5.158754585858711,1.0314485781660705,37.359631862577345,27.734676432167205,-62.640368137422655,960654300.0,53.96240076858265
2025-03-25 00:00:00-04:00,0.011270405492856295,1.0132674255292844,1.0012232332609394,226.7069999694824,231.479599609375,228.486849899292,38.58312723371449,0.897896896568526,0.018366295803716088,1.0151354496254321,-5.9083924410344935,-5.308682156893868,1.0520005521258136,46.52504780238685,37.92615980314387,-53.47495219761315,995147900.0,59.428047180879176
2025-03-26 00:00:00-04:00,0.013681893403326706,1.0182661043212227,0.9866815833406075,225.5425003051758,231.21759948730468,228.62624992370604,37.297498789999885,0.9112196995283167,0.01877127090047084,1.0041748132062194,-5.177467949019984,-5.282439315319092,1.0292231607768314,39.78756244179547,41.22408070225324,-60.21243755820452,960681800.0,54.23386021252341
2025-03-27 00:00:00-04:00,-0.009921793165153625,1.0206377422169242,1.0089378221389858,224.60100021362305,230.96019958496095,228.76149993896485,35.61437221505595,0.8965196005964204,0.01866343077576049,0.9945946705307047,-4.722897940699795,-5.1705310403952325,1.0455394662403044,55.62366575007604,47.31209199808614,-44.37633424992396,997776600.0,53.4834541850109
2025-03-28 00:00:00-04:00,0.010472655337889991,1.0200852737740598,0.9890104684083431,223.92850036621093,230.77159973144532,228.89629997253417,39.86458235463719,0.9061286115088357,0.01892558903958493,0.9908170739255725,-4.127859339192781,-4.961996700154743,0.9983048042849044,54.420187853056625,49.94380534830939,-45.57981214694338,957958000.0,56.07813249531562
2025-03-31 00:00:00-04:00,-0.026580353115021937,1.02816062609825,1.0173015345482384,222.73150024414062,230.37219970703126,229.02019996643065,51.43813544214049,0.9065568037242719,0.018899515406494285,0.9928424607644514,-4.089264721032265,-4.787450304330248,1.0063426320951936,79.70935550234692,63.251069701826545,-20.290644497653073,1023257300.0,66.08942368724485
2025-04-01 00:00:00-04:00,0.019412625538381745,1.0434259796290257,0.9769503882256804,221.9365005493164,230.24959991455077,229.0951000213623,57.384068675745006,0.9360724906285123,0.01944929307347055,1.0383315404329236,-3.674988691130693,-4.564957981690337,0.9974972176152235,85.87213309924691,73.33389215155017,-14.12786690075309,1059670000.0,73.80375648828817
2025-04-02 00:00:00-04:00,0.0047719692760685994,1.0218364500346093,0.9848559306158893,221.29950103759765,230.11380004882812,229.14569999694825,70.04230705824979,0.9228829218537233,0.01891117018345894,1.0215822381666617,-3.223975031221613,-4.296761391596592,1.0106531874841147,89.21448596219358,84.93199152126249,-10.785514037806426,1095575900.0,81.73760237924735
2025-04-03 00:00:00-04:00,0.003136327526256366,1.018867062204038,0.9885211841867175,220.70700073242188,230.13880004882813,229.19394996643067,40.160488374432056,0.9405957254876972,0.018754986920532214,1.0078019820320132,-2.778036082074408,-3.9930163296921553,0.9077060393174369,7.960618917145447,61.015745992862,-92.03938108285456,992156900.0,69.16118237530245
2025-04-04 00:00:00-04:00,-0.09245610346452682,1.0310062384753493,1.0115654846030342,219.10000076293946,229.72600006103517,229.14744995117186,30.77731881336838,0.8612300629391922,0.026817350618683247,1.028571265579859,-4.048276991496095,-4.004068462052944,0.8645250580975433,2.71684581527298,33.29731689820402,-97.28315418472701,866246000.0,57.44395995472199
2025-04-07 00:00:00-04:00,-0.07288743235713335,1.0669371665957783,1.0292493596136363,216.56550064086915,229.0204000854492,229.0059999847412,28.38755077374188,0.7991007062578316,0.03027969226784098,1.0708028857619944,-6.17877007914737,-4.439008785471829,0.8169090295099877,13.411787444469974,8.029750725629485,-86.58821255553002,705779700.0,46.51701503726727
2025-04-08 00:00:00-04:00,-0.036734249865053914,1.1118428549158434,0.9765236988426748,214.26450119018554,228.19400024414062,228.84185005187987,22.809248133734712,0.7710874317000125,0.030757673852318538,1.1284594879160854,-8.329569131905174,-5.217120854758498,0.7725256341363699,5.690466433226892,7.2730332309899675,-94.30953356677311,584920200.0,38.377141535334
2025-04-09 00:00:00-04:00,-0.049818186985832624,1.1248743501308056,1.08282101224305,211.84350128173827,227.0452001953125,228.65555007934572,42.67038560737092,0.7212113309350222,0.031181119393689626,1.1635397486480108,-10.640884522898261,-6.301873588386451,0.8881593936558358,52.54388491933073,23.882046265675882,-47.456115080669264,769316100.0,49.821468607455564
2025-04-10 00:00:00-04:00,0.15328852926139658,1.167083607671667,0.8647221104872883,210.9370018005371,226.25700042724608,228.61235008239746,37.141012070629195,0.8741428250319003,0.0465324724350576,1.2116918090800348,-10.222103817096382,-7.085919634128437,0.9371523986464668,37.59970894415163,31.94468676556977,-62.40029105584837,647436100.0,40.25804024087129
2025-04-11 00:00:00-04:00,-0.04239380274487847,1.0643715780289447,0.9929104565817252,209.9740020751953,225.27820037841798,228.52375007629394,40.058122043661136,0.8622532210043965,0.046941429500753834,1.2213394283932204,-10.449987329358692,-7.758733173174489,1.051863195458295,51.30294829295474,47.14884738547905,-48.69705170704526,734872000.0,42.10852357630877
2025-04-14 00:00:00-04:00,0.0405944533235465,1.072449725381158,0.9391875439609462,209.20700149536134,224.48940032958984,228.46915000915527,40.76234157443918,0.9132177979453026,0.047870819256154155,1.227043463681246,-9.892802532161,-8.185547044971791,1.1160586177636482,59.04982167419327,49.31749297043323,-40.950178325806725,836224900.0,45.18604228394679
2025-04-15 00:00:00-04:00,0.022054052538903912,1.058560342835765,1.0440450226188263,208.63300170898438,223.81980041503905,228.4155000305176,41.42566981356271,0.9658527820802079,0.0476483415729225,1.2382666499878934,-8.99491842992353,-8.34742132196214,1.1723698035977361,58.376173454137735,56.242981140428604,-41.62382654586226,784881000.0,44.69844943341625
2025-04-16 00:00:00-04:00,-0.0018763819612667154,1.018568525517575,0.9986148274456202,208.1055015563965,223.3024005126953,228.35569999694823,37.53161708247988,0.9468358901518739,0.04746516289937712,1.2276799010303419,-8.219255566344458,-8.321788170838603,0.9769675549888066,44.42475219001943,53.950249106116836,-55.57524780998057,725148600.0,40.831153195942456
2025-04-17 00:00:00-04:00,-0.038933388448355366,1.0433019807791764,1.021053154104812,207.05700149536133,222.53180053710938,228.2739500427246,40.93430641489272,0.9078037582825278,0.04811976604169106,1.2368355140410634,-8.145681644782144,-8.286566865627313,1.0344501503081287,49.22885077572064,50.67659213995929,-50.771149224279355,777313300.0,44.61338670251964
2025-04-21 00:00:00-04:00,0.013949613401343264,1.022682870608183,1.0011168708776268,206.2010009765625,221.82200042724608,228.1751000213623,37.40106074927728,0.9261366000585988,0.04825405002541698,1.2432107707047997,-7.779028323554371,-8.185059157212724,0.9748171062928126,42.78313464832959,45.478912538023245,-57.21686535167041,730570800.0,39.799538689991124
2025-04-22 00:00:00-04:00,-0.019392791899099593,1.0210210502317316,1.0005694792310316,204.94550094604492,221.0208004760742,228.03955001831054,40.26890369360444,0.8974168311301407,0.048272273338766186,1.2353939652321246,-7.707843141788487,-8.089615954127877,0.9862729670124004,54.53733674416449,48.849774056071595,-45.46266325583551,783547200.0,40.388740868000454
2025-04-23 00:00:00-04:00,0.03406503264808869,1.02867783376119,0.9818763879221959,203.89600143432617,220.46300048828124,227.93050003051758,42.26233779810487,0.9329285371276047,0.04894002077100534,1.2344452119742404,-7.039332176482787,-7.87955919859886,1.012169816569185,80.92843093364746,59.416300775380535,-19.071569066352534,836476400.0,41.052356239345144
2025-04-24 00:00:00-04:00,0.024331633507028716,1.0256410102070612,1.0068425897102664,202.93850173950196,220.00200073242186,227.8218000793457,52.40437830350939,0.937371155443414,0.04905246358323963,1.209907835059159,-6.04765735809292,-7.513178830497672,1.0725793510816601,89.54949057692046,75.00508608491083,-10.45050942307954,883787400.0,46.97493251403616
2025-04-25 00:00:00-04:00,0.018426143212158408,1.0290233533004367,0.98329895949951,202.28050155639647,219.51700073242188,227.72455001831054,61.13834590966251,0.9440039829221567,0.04916696499082639,1.218426111261055,-4.901045116291215,-6.990752087656381,1.062442904449907,91.63045044661534,87.3694573190611,-8.369549553384656,922009700.0,53.82384594242129
2025-04-28 00:00:00-04:00,0.0043672490446504675,1.0172163099141505,0.9860951659065221,201.55200119018554,218.96520080566407,227.6275500488281,66.34001224041285,0.9353296034828911,0.0490700915650326,1.239407084717279,-3.874256941078386,-6.367453058340783,1.0879063750549611,93.59706534342398,91.59233545565327,-6.402934656576022,960752800.0,63.33198129911645
2025-04-29 00:00:00-04:00,0.0041093301575299,1.0194736004790785,0.9993337803842435,201.16400146484375,218.3374008178711,227.51335006713867,74.30756008948354,0.9485848442540014,0.04905224585015499,1.2505262815414322,-2.957038157495248,-5.685370078171677,1.0574246565798542,95.78563800505007,93.67105126502982,-4.214361994949917,997580400.0,71.86528441843345
2025-04-30 00:00:00-04:00,0.005091878401668248,1.0185727814304553,0.9880687268957153,200.61800155639648,217.66960083007814,227.4315500640869,62.48855939704183,0.9435336205271163,0.049004262161934514,1.2577157551534541,-2.1193643022432127,-4.9721689229859845,1.0386118947253962,96.46827414523592,95.28365916457001,-3.5317258547640797,1049866900.0,67.838028956193
2025-05-01 00:00:00-04:00,0.006107633374967891,1.033434962613493,0.9849411908318014,200.08350143432617,217.03020080566407,227.34135009765626,74.34099960004062,0.9752180172200936,0.04870292042558453,1.2679334427221025,-1.3360093751349496,-4.244937013415777,1.02375587811598,95.64915707236842,95.96768974088484,-4.350842927631579,1107232600.0,80.27608113213697
2025-05-02 00:00:00-04:00,0.0038588579963234615,1.027094321816563,0.9801237326664826,199.55500183105468,216.39920104980467,227.23595016479493,57.614226303855176,0.9603385523570237,0.04851970479652913,1.2739905192538006,-0.6416308921336906,-3.52427578915936,0.9812213651629186,62.78791331281566,84.96844817680669,-37.21208668718434,1006222000.0,67.88033926136971
2025-05-05 00:00:00-04:00,-0.0373617145464924,1.0238919753836548,1.003603555940495,199.66300201416016,215.5896011352539,227.0886001586914,46.32367303845574,0.9200681206920363,0.049119506123113284,1.3149398695043273,-0.7260737063382976,-2.9646353725951475,0.9464642617651298,36.68687608506944,65.04131549008453,-63.31312391493056,937203500.0,57.4431429281253
2025-05-06 00:00:00-04:00,-0.03145851727226512,1.0297159537366403,1.0211675133329319,200.18850173950196,214.65640106201172,226.9386501312256,46.32367303845574,0.8883380228319574,0.049477627155089625,1.3321726257118793,-1.2992864330311704,-2.631565584682352,0.9398702154096498,35.15150282118056,44.87543073968857,-64.84849717881944,885987000.0,57.511818926173554
2025-05-07 00:00:00-04:00,-0.0019106284075551816,1.0184244723647629,0.9984888025728175,201.0410011291504,213.68460083007812,226.81030014038086,52.26233543885587,0.9769673316682012,0.04538601126455005,1.2941617795271243,-1.7638918200031242,-2.4580308317465067,0.9235294117647059,26.020211884469695,32.619530263573246,-73.9797881155303,817450300.0,56.86137109747364
2025-05-08 00:00:00-04:00,-0.011384789528862349,1.032031060498868,1.0148789715615048,202.2325012207031,212.66880096435546,226.6700001525879,50.602990851944675,1.0417772317294676,0.042491957512536906,1.261058377126385,-2.2880820203697283,-2.4240410694711514,0.9257922309790889,31.03033508917298,30.734016598274433,-68.96966491082702,867929200.0,56.77856458462323
2025-05-09 00:00:00-04:00,0.006318499328224592,1.0275837814773279,1.0011645942637184,202.16450119018555,211.81140106201173,226.53765014648437,56.79574005301762,1.0883390178893444,0.041571694364074374,1.1839410660578087,-2.5737795223946307,-2.4539887600558474,0.9667883753517844,24.777097063380907,27.27588134567455,-75.22290293661909,904383100.0,62.140253928227
2025-05-12 00:00:00-04:00,0.0052660552797889615,1.01518679812677,1.0023674065561528,202.57000122070312,211.0360009765625,226.40525016784667,62.22614206239119,1.1514325535763419,0.039754804645251045,1.1216409607861564,-2.685323348478846,-2.500255677740447,1.05983203747299,82.30875314699134,46.03872843318177,-17.691246853008654,968158900.0,62.822787434594
2025-05-13 00:00:00-04:00,0.06175386381009962,1.0218621730227857,1.0008539681213708,203.20200119018554,210.41500091552734,226.36650016784668,59.80690644318248,1.0600451939458406,0.026215297310120025,1.0225427619063658,-1.7641079997262068,-2.3530261421375993,1.072641169553046,92.35098512643816,66.47894511227015,-7.6490148735618355,1020068200.0,62.854995610597435
2025-05-14 00:00:00-04:00,0.010152281691776288,1.0210526023755233,0.9882590518668423,203.72250061035157,209.91300079345703,226.34370010375977,55.03817608951823,1.1182123449390253,0.024200676055047773,0.9636635157625816,-0.851542085720439,-2.0527293308541674,1.081936315062699,89.53544822608501,88.06506216650486,-10.464551773914986,970742400.0,63.01827378362745
2025-05-15 00:00:00-04:00,-0.0028177845553216674,1.0159559339972237,1.0004709218851047,204.23200073242188,209.4410009765625,226.3155500793457,52.76292071919518,1.0715619902667173,0.022928142704833662,0.9324242424319014,-0.17472712548646996,-1.677128889780628,1.0706870781648814,85.40590818088863,89.09744717780394,-14.594091819111368,925712900.0,57.38706980704011
2025-05-16 00:00:00-04:00,-0.004144515024837148,1.0163215306734512,0.9976353747589678,205.09100036621095,208.95520080566405,226.2816000366211,51.45077064778688,1.0440943733329535,0.022590813717346166,0.8870466035048523,0.2873323783526587,-1.2842366361539708,1.0641212703662524,84.51429643441226,86.48521761379531,-15.485703565587738,870975000.0,51.16386507618624
2025-05-19 00:00:00-04:00,-0.0008985691376138805,1.0133479667956768,1.0052068831398178,205.80500030517578,208.4738006591797,226.2438999938965,46.963248852539664,1.0451172214540658,0.022583361430358898,0.8893838553494305,0.6309134771645688,-0.901206613490263,0.9904644690409591,72.87658638437546,80.9322636665588,-27.123413615624543,824834500.0,45.86904402960719
2025-05-20 00:00:00-04:00,-0.011739069355408915,1.0255556710128495,0.995832957552092,206.58600006103515,207.86800048828124,226.1773999786377,43.06102426875894,1.07468983470287,0.020903624035896205,0.878912875938266,0.6950766335563685,-0.5819499640809367,0.9714930151964445,63.86673941622774,73.75254074500518,-36.13326058377226,782337900.0,39.68888022261064
2025-05-21 00:00:00-04:00,-0.009196274452396014,1.0167780444905001,1.0039156799584443,206.94199981689454,207.4556005859375,226.1198999786377,37.40747711523654,1.0501574022596611,0.020934350920846785,0.874055143449073,0.5842635644482357,-0.3487072583751022,0.951773157797494,42.725931825892,59.823085875498414,-57.274068174107995,723126100.0,32.19181111590936
2025-05-22 00:00:00-04:00,-0.02305909435553888,1.0315379720020121,1.0152407436630608,206.81649932861328,207.0806005859375,226.0310499572754,44.65862587523577,1.0462310649538105,0.021130056053250287,0.8794350788373819,0.1102727727347883,-0.2569112521531241,0.9522818799550022,39.19767836334941,48.596783201823065,-60.80232163665059,676383700.0,34.606841917182805
2025-05-23 00:00:00-04:00,-0.003612230891026025,1.015272924879154,0.9967719810562468,206.46599960327148,206.76820068359376,225.99149993896484,45.10546642899584,1.0081105190379247,0.019922469875507574,0.8751908979812362,-0.32057748134852204,-0.2696444979922037,0.9243113194634794,9.763190111656858,30.562266766966108,-90.23680988834315,597950800.0,34.264975151394395
2025-05-27 00:00:00-04:00,-0.03024432021966106,1.0219166240423327,0.9918061859553036,205.7654998779297,206.48000091552734,225.93169998168946,52.046236285816306,0.9543988193903853,0.02021648829127728,0.8841552710335588,-1.1402965907743123,-0.44377491654862544,0.9589520446616675,33.639467823060016,27.533445432688783,-66.36053217693998,654239300.0,41.370761305716535
2025-05-28 00:00:00-04:00,0.025298316860348224,1.0167655013937953,0.9904599990107433,205.2690002441406,206.2144009399414,225.8836499786377,55.279818702750944,0.9608389470915372,0.0205954730583609,0.8855735425542991,-1.3754575604883144,-0.6301114453365633,0.9688678216068612,33.98434036643453,25.795666100383823,-66.01565963356548,699579000.0,48.71236826308486
2025-05-29 00:00:00-04:00,0.0010488559414427723,1.0141570881313793,1.0008482096123064,204.72949981689453,205.94280090332032,225.81919998168945,53.17664426187128,0.9576643699253116,0.020561707351852074,0.8925849253828152,-1.5272743003379503,-0.8095440163368408,0.9894106614457531,31.6894120522107,33.10440674723511,-68.3105879477893,648182200.0,41.90697574137173
2025-05-30 00:00:00-04:00,-0.0023450814539321962,1.02669892296821,1.0181545633319122,204.10199966430665,205.68800079345704,225.73774993896484,53.00674978187597,0.9515085063719277,0.02051990886370916,0.9019705612840416,-1.6663071790757726,-0.9808966488846272,0.9974672501723775,36.08398892247446,33.91924711370658,-63.916011077525546,719002100.0,35.39913142313986
2025-06-02 00:00:00-04:00,0.0045011711378339925,1.0263238538810038,0.9926312624279168,203.47849960327147,205.40020080566407,225.65434997558594,33.271987384112876,0.9509492908430869,0.020510492019866385,0.922017814188953,-1.6844512149416744,-1.1216075620960368,1.0329287270706946,40.234335709820684,36.0025788948353,-59.76566429017931,754425400.0,32.70657018280197
2025-06-03 00:00:00-04:00,0.0042319682295079986,1.0100440226597445,0.9929598503201282,203.2959991455078,205.15220062255858,225.55649993896483,31.842120811790807,0.9491764562270221,0.020478689707287025,0.9115821999110201,-1.6116650649445887,-1.2196190626657473,1.015283939143796,47.900388696870834,41.406237776388686,-52.099611303129166,800807000.0,31.982328049970874
2025-06-04 00:00:00-04:00,0.0077838738124602624,1.0139828695497344,0.9905544441944727,203.51499938964844,204.8522006225586,225.46424995422365,32.02269261987958,0.9528876677915958,0.020550685956167516,0.9022849968668385,-1.41102957609246,-1.2579011653510899,1.011974898598943,48.00000313000801,45.37824251223319,-51.99999686999198,757203000.0,31.24473833708869
2025-06-05 00:00:00-04:00,-0.00221378923984783,1.0204849048224567,1.000443725148608,203.7305000305176,204.49400085449219,225.3547499847412,30.511537812507044,0.9876795777740492,0.018975928909482406,0.8626472143597765,-1.2736536125940745,-1.2610516547996868,1.0034008899472318,37.519612453918214,44.473334760265715,-62.480387546081786,702076900.0,30.90468512581937
2025-06-06 00:00:00-04:00,-0.010797763348392997,1.022982794123365,1.0143049147552174,203.9495002746582,204.03160095214844,225.22764999389648,38.107582919641615,1.008748582123303,0.017842749362306395,0.8506697280134132,-1.3262093503346648,-1.2740831939066826,1.0152849986165668,65.29337470925415,50.27099676439349,-34.706625290745855,748684600.0,37.84924547184839
2025-06-09 00:00:00-04:00,0.0163983113495636,1.0180648049559762,0.9954884357728215,204.27099990844727,203.67940093994142,225.11779998779298,38.11992867688701,1.0272530543137115,0.018147145121438026,0.8487634736903086,-1.0898223943962364,-1.2372310340045933,0.9987605354299328,53.231133633900754,52.01470693235773,-46.768866366099246,675822000.0,36.552479129392985
2025-06-10 00:00:00-04:00,-0.012112599268742419,1.0298969883001967,1.014594204447477,204.41699981689453,203.23140075683594,224.9925,43.05140416314507,1.026496799736266,0.018172164385479916,0.8466061825438943,-1.0892364448777698,-1.2076321161792287,0.9970482309691331,67.82032814294286,62.11494549536595,-32.17967185705714,730494600.0,43.22360998437777
2025-06-11 00:00:00-04:00,0.0060560994747325125,1.0188462813045949,0.9897863912560746,204.01100006103516,202.92680084228516,224.8738500213623,44.3457485463222,1.0262291383447277,0.018168829841034007,0.8477181779387757,-0.9790423819809746,-1.1619141693395778,0.9800808184645033,41.627484926273056,54.22631556770559,-58.37251507372694,669504700.0,43.16854184431028
2025-06-12 00:00:00-04:00,-0.019193760422328232,1.0306939984148271,1.0237448498324204,203.30350036621093,202.45980072021484,224.7451000213623,46.27071080897951,1.0012592555358746,0.018658436122519943,0.8626493551865417,-1.1918641657006788,-1.1679041686117981,0.9928724124020952,44.91385588920064,51.45388965280554,-55.08614411079935,713409300.0,43.36098404751337
2025-06-13 00:00:00-04:00,0.002112879422097258,1.0117551279806187,0.9993976148643281,202.64700012207032,201.98000061035157,224.60690002441407,52.3028745134101,0.9450163826223097,0.012661186051483135,0.8539640284340865,-1.3115182543891137,-1.1966269857672613,0.9633679811309418,7.115743756786102,31.219028190753296,-92.8842562432139,661962000.0,44.877877570146545
2025-06-16 00:00:00-04:00,-0.013805221095031128,1.023863046713181,1.0166963544426069,201.89700012207032,201.43120056152344,224.45325004577637,46.04854519364858,0.9226036899713213,0.012551819974284034,0.8588381424192547,-1.6096914776705091,-1.279239884147911,0.9849590527416322,25.806442272891783,25.94534730629287,-74.19355772710821,704982700.0,43.84680810662253
2025-06-17 00:00:00-04:00,0.010028003315378786,1.0108364108123147,0.9943554322773762,201.25500030517577,201.3358004760742,224.3052000427246,40.52339701043914,0.9344887508022668,0.012883349709547057,0.8583048297193807,-1.6678078204397764,-1.356953471406284,0.9653130762184313,3.8983927775979375,12.273526269091969,-96.10160722240207,666126500.0,37.952877285631054
2025-06-18 00:00:00-04:00,-0.014010678383989505,1.016290110990275,1.0079738170285248,200.59800033569337,201.48100036621094,224.15095001220703,43.44103776386596,0.9252305614245828,0.013095223397540842,0.8585054456103068,-1.9161004950839526,-1.4687828761418178,0.9889325034623588,13.518305768697484,14.407713606395765,-86.48169423130253,711521200.0,38.327167718030616
2025-06-20 00:00:00-04:00,0.004804755900321256,1.012815911755439,0.996744331144129,200.08400039672853,201.7834002685547,223.98490005493164,50.256751010548996,0.9305121979670116,0.013204016543387667,0.8546410325977776,-2.0138099400624014,-1.5777882889259347,1.0090361600368172,53.08857339178211,23.501757312692536,-46.911426608217894,808334700.0,50.1031102651292
2025-06-23 00:00:00-04:00,0.022484475164182616,1.024585981524355,0.9862686840455923,200.02950057983398,202.3550003051758,223.84490005493163,49.65350494800327,0.9627358998717057,0.014131634115487951,0.8820032666969468,-1.7148210764679561,-1.605194846434339,1.02570630252078,57.564849864146204,41.39057634154196,-42.43515013585379,864149000.0,51.44797991096268
2025-06-24 00:00:00-04:00,0.0024875621890547706,1.016787274955685,1.0006451855226426,200.0365005493164,202.40800018310546,223.73855003356934,44.78764085864861,0.9740887528060689,0.014053039740265031,0.8889594107601537,-1.421142381897198,-1.5683843535269109,1.0094748760213765,46.82181365149576,52.49174563580805,-53.17818634850424,810085000.0,51.91894238951749
2025-06-25 00:00:00-04:00,-0.005955319842392948,1.0161838438688973,1.011432817030667,200.28800048828126,202.6056002807617,223.63580001831053,47.84981179083056,0.9911425933070929,0.013229218432060307,0.8852135275179678,-1.2705831340801979,-1.5088241096375683,1.0302596513362008,59.377809545614454,54.5881576870855,-40.622190454385546,849610700.0,51.63412440524295
2025-06-26 00:00:00-04:00,0.0062905366332437485,1.0152028866812415,0.9994542537622348,200.3555000305176,202.6738003540039,223.53169998168946,50.66858573492595,1.000993230768951,0.013280262102769906,0.8818981523945834,-1.037631647249981,-1.414585617160051,1.0224844751641826,54.254315182854306,53.484646126654866,-45.7456848171457,798811600.0,51.946530932277845
2025-06-27 00:00:00-04:00,-0.002778316954637594,1.0159430089679233,1.0021392670436877,200.3845001220703,202.6434002685547,223.43259994506835,44.194608892021876,1.0293439627293908,0.011454403984129167,0.8707084078212108,-0.8879671064332229,-1.3092619150146854,1.0003980190599735,54.98626289249876,56.2061292069892,-45.01373710750124,872000200.0,53.556532166507395
2025-06-30 00:00:00-04:00,0.00039801905997349785,1.0161000061035157,1.0040282352855472,200.44100036621094,202.6222003173828,223.33344993591308,57.1319078527807,1.0043454127566704,0.010132133572974536,0.877058923154823,-0.7542073673452592,-1.1982510054808002,1.018213390416602,81.98049796693844,63.74035868076387,-18.019502033061556,963913000.0,63.91144897922163
2025-07-01 00:00:00-04:00,0.020340144721736175,1.0408009891947156,0.9845981201427545,200.65699996948243,202.8402001953125,223.25874992370606,59.360251151620034,1.0237002297345394,0.011002322832365094,0.8989599829162511,-0.31454738107885305,-1.0215102806004108,1.037543705231586,84.32542405722452,73.76406163888727,-15.674575942775487,1042701900.0,65.06993307051005
2025-07-02 00:00:00-04:00,0.012916163079025322,1.01964685681454,0.9944663212648275,200.96300048828124,203.0570004272461,223.1845499420166,74.18556725540542,1.0393598924535805,0.011251536959659187,0.9092236053239193,0.24489689839472817,-0.7682288448013831,1.0539789889591047,95.07392207071997,87.12661469829435,-4.926077929280022,1110643700.0,72.80079642564442
2025-07-03 00:00:00-04:00,0.022230752354752248,1.0249831698063356,0.9833835495258456,201.4215003967285,203.44260040283203,223.13289993286133,74.8012612107032,1.0577047348055209,0.012058941050885553,0.9003960648180626,1.048963714756269,-0.40479033288985267,1.0624378261281484,94.38206537748773,91.26047050181076,-5.617934622512263,1145599500.0,77.83263711914967
2025-07-07 00:00:00-04:00,0.005225007520218483,1.0134082261018156,0.9934441154986351,201.95800018310547,203.71880035400392,223.0881499481201,72.66621986798944,1.0587506508815487,0.012067107948669943,0.9011130838863206,1.7555236484606667,0.02727246338025119,1.0441117716153592,70.32135056221746,86.59244600347508,-29.67864943778254,1095370500.0,77.61348932484282
2025-07-08 00:00:00-04:00,-0.016857907057220234,1.0355842555899748,1.013003075814343,202.42399978637695,203.82580017089845,223.05629989624023,70.79296442133756,1.0328626582150677,0.012696811923938485,0.9071880505248912,2.001910304518873,0.42220003160797553,1.0235901758594605,70.60489305501171,78.436102998239,-29.395106944988285,1138219400.0,72.3072462546882
2025-07-09 00:00:00-04:00,0.00028577070476720756,1.0142959739561856,1.0004286062522456,202.72849960327147,203.85860015869142,223.02239990234375,79.55758825015101,1.035450088368864,0.012672711274149002,0.9052313822963972,2.1769206202982616,0.7731441493460327,1.0159753245521264,75.94518370770028,72.29047577497651,-24.054816292299716,1186968800.0,71.20189405124138
2025-07-10 00:00:00-04:00,0.005380719548448543,1.0198339956864209,0.9923747247560591,203.2129997253418,203.89580017089844,222.97464988708495,79.81167610450919,1.052384958635548,0.012381362164245659,0.8978284892404809,2.3793715920272973,1.0943896378822857,0.9998587894042924,80.27881761291664,75.6096314585429,-19.72118238708336,1231412400.0,76.51281485425375
2025-07-11 00:00:00-04:00,0.0060149866256142825,1.0164262103903905,0.9910549921260023,203.7,203.94120025634766,222.89234992980957,71.72797592009564,1.0416340014191752,0.012014683648666431,0.9091715484616348,2.6121825620736843,1.3979482227205655,0.988808244647652,70.64276033171762,75.62225388411154,-29.357239668282375,1191646600.0,69.64457636157987
2025-07-14 00:00:00-04:00,-0.005884845244805148,1.0108167552933331,0.9972059276015418,204.31900024414062,203.9402001953125,222.80714996337892,64.00470369031999,1.0482005800990999,0.011738390644642355,0.9039415784011436,2.665100757271574,1.6513787296307672,0.993665149557575,55.156157554853415,68.69257849982925,-44.84384244514659,1152806500.0,63.8589513636796
2025-07-15 00:00:00-04:00,-0.012028833590031152,1.0162378841909778,1.0062793480455117,204.79000015258788,203.86260009765624,222.71789993286131,67.82676998090646,1.0293580549760615,0.012084206424578461,0.9200030525440361,2.4735675988457047,1.8158165034737548,0.9957145187370828,58.04363815542204,61.28085201399771,-41.95636184457796,1195102800.0,63.39065818566236
2025-07-16 00:00:00-04:00,0.0023487944810314243,1.0142159738020935,1.0005260418441513,205.42300033569336,203.77839996337892,222.62659996032716,67.55101100250742,1.051967008222613,0.011175885334176365,0.9242551218958742,2.3344059602306118,1.9195343948251264,0.9953585501071707,64.23104520449652,59.14361363825734,-35.76895479550347,1242593300.0,63.860584966675184
2025-07-17 00:00:00-04:00,0.005021295245053015,1.0180214461169257,1.0006661562010322,206.01000061035157,203.87459991455077,222.54555000305174,68.72921959129566,1.0550201148683496,0.01118995551427794,0.961639903323026,2.2825341966669157,1.9921343551934843,0.9887481787653922,63.40606359237007,61.89358231742957,-36.59393640762993,1194525200.0,70.36500091259792
2025-07-18 00:00:00-04:00,-0.0006661562010320532,1.0105444284196863,1.0026188126872158,206.7290008544922,204.09720001220703,222.45805000305177,70.07150884202495,1.0690761391449346,0.010614256054928788,0.9785471619555929,2.2047140978724826,2.034650303729284,1.0000946628780318,70.24158698588136,65.95956526091601,-29.758413014118652,1243499800.0,69.50469083253252
2025-07-21 00:00:00-04:00,0.005523228167424676,1.009966601660974,0.9985320694699062,207.45900039672853,204.35059997558594,222.375,66.33882248939662,1.064308006373286,0.010517133956323916,0.9941357457024156,2.2111536754594,2.0699509780753074,1.0185025438629853,62.83447610463691,65.49404222762946,-37.16552389536308,1294822300.0,67.8563486305528
2025-07-22 00:00:00-04:00,0.006155900638530998,1.019609666874895,0.9982116451823037,208.03300018310546,204.67519989013672,222.2723999786377,63.3932631444643,1.0860764485300936,0.009830413248039573,1.018959854619729,2.2947045432194955,2.114901691104145,1.020180771882673,67.81358862889282,66.96321723980373,-32.18641137110719,1307955132.0,62.370149688319145
